Article_ID,fixed,only_notes_mismatch,Covidence_ID,Name_data_entry,Parameter_type,Parameter_FromFigure,Method_from_supplement,Parameter value,Exponent,Parameter lower bound,Parameter upper bound,Inverse_param,Parameter unit,Parameter value type,Parameter statistical approach,Parameter uncertainty - single type,Parameter uncertainty - single value,Parameter uncertainty - type,Parameter uncertainty - lower value,Parameter uncertainty - upper value,Distribution_type,Distribution_par1_type,Distribution_par1_value,Distribution_par1_uncertainty,Distribution_par2_type,Distribution_par2_value,Distribution_par2_uncertainty,parameter_paired,Parameter 2 value type,Parameter 2 value,Parameter 2 lower bound,Parameter 2 upper bound,Exponent_2,Inverse_param_2,Parameter 2 unit,Method_2_from_supplement,Parameter 2 statistical approach,parameter_pair_uncert_yn,Parameter 2 uncertainty - single type,Parameter 2 uncertainty - single value,Parameter 2 uncertainty – type,Parameter 2 uncertainty - lower value,Parameter 2 uncertainty - upper value,parameter_pair_distr_yn,Distribution_2_type,Distribution_2_par1_type,Distribution_2_par1_value,Distribution_2_par1_uncertainty,Distribution_2_par2_type,Distribution_2_par2_value,Distribution_2_par2_uncertainty,Method_R,R_pathway,Genome_site,Genomic_sequence_available,parameter_hd_from,Other_delay_start,parameter_hd_to,Other_delay_end,CFR_IFR_numerator,CFR_IFR_denominator,CFR_IFR_Method,Case_definition,Riskfactor_outcome,Riskfactor_name,Riskfactor_occupation,Riskfactor_significant,Riskfactor_adjusted,Method_disaggregated,Method_disaggregated_only,Method_disaggregated_by,Population_sex,Population_sample_size,Population_sample_type,Population_group,Population_age_min,Population_age_max,Population_country,Population_location,parameter_context_location_type,Method_moment_value,Urban/Rural area,Data_available,parameter_notes,Population_study_start_day,Population_study_start_month,Population_study_start_year,Population_study_end_day,Population_study_end_month,Population_study_end_year,access_param_id,Pathogen,num_rows,matching
499,1,FALSE,59,Alba Halliday,Seroprevalence - HAI/HI,No,No,NA,NA,NA,NA,No,No units,Central - unspecified,Observed sample statistic,NA,NA,NA,NA,NA,NA,NA,NA,NA,NA,NA,NA,No,NA,NA,NA,NA,NA,NA,NA,NA,NA,NA,NA,NA,NA,NA,NA,NA,NA,NA,NA,NA,NA,NA,NA,NA,NA,NA,NA,NA,NA,NA,NA,4,189,Naive,Lab confirmed,NA,NA,NA,NA,NA,No,NA,NA,Both,189,Mixed settings,Mixed groups,16,70,Namibia,Kavango,Region,Unspecified,Unspecified,Yes - as an attachment,only number of positives given. Full study included 258 individuals but seroprevalence of RVF and other arboviruses was only done in 189 adults - in the text they specify that persons over 15 years of age are considered adults so I used 16 as the lower bound for the age range; country is given as south-west Africa/Namibia so I have only included Namibia in the country list as no other country is explicitly named.,NA,02,1983,NA,05,1983,499_001,Rift Valley fever virus,1,0
522,1,FALSE,138,Gina Cuomo-Dannenburg,Seroprevalence - IgG,No,No,0.036,NA,NA,NA,NA,NA,Central - unspecified,Estimated parameter,NA,NA,CI95%,0.016,0.07,NA,NA,NA,NA,NA,NA,NA,No,NA,NA,NA,NA,NA,NA,NA,NA,NA,NA,NA,NA,NA,NA,NA,NA,NA,NA,NA,NA,NA,NA,NA,NA,NA,NA,NA,NA,NA,NA,NA,8,233,Unspecified,Lab confirmed,NA,NA,NA,NA,NA,Yes,No,Sex,Both,437,School based,Children,8,14,Egypt,Bilbeis,Bilbeis area of the Nile river delta,Post outbreak,Rural area,Not available,Measure of prevalence with no explanation of how they reached the conclusion. Unsure why the denominator is not the number of children. IgG was used. Selected post-outbreak but this was ~10 years post-outbreak. Did survey in 4 schools in 3 villages,NA,10,1989,NA,11,1989,522_001,Rift Valley fever virus,1,0
503,1,FALSE,279,Alba Halliday,Seroprevalence - IgG,No,No,0,NA,NA,NA,No,No units,Central - unspecified,Observed sample statistic,NA,NA,NA,NA,NA,NA,NA,NA,NA,NA,NA,NA,No,NA,NA,NA,NA,NA,NA,NA,NA,NA,NA,NA,NA,NA,NA,NA,NA,NA,NA,NA,NA,NA,NA,NA,NA,NA,NA,NA,NA,NA,NA,NA,0,632,Naive,Lab confirmed,NA,NA,NA,NA,NA,No,NA,NA,Unspecified,632,Travel based,Other,NA,NA,South Sudan,Bentiu+Yida; Unity State \ Rumbek; Lakes State \ Wau; Western Bahr El Ghazal State,state,Unspecified,Unspecified,Not available,Occupation; Peacekeepers from Mongolia.  Serosurvey done before (fall 2012) and after deployment (spring 2013). Exposure to RVFV is zero in either case. Unsure if Paired means 632 or 632/2 peacekeepers in total. ,NA,NA,2012,NA,NA,2013,503_001,Rift Valley fever virus,1,0
505,1,FALSE,331,Alba Halliday,Seroprevalence - IgG,No,No,2.2,NA,NA,NA,No,Percentage (%),Central - unspecified,Observed sample statistic,NA,NA,NA,NA,NA,NA,NA,NA,NA,NA,NA,NA,NA,NA,NA,NA,NA,NA,NA,NA,NA,NA,NA,NA,NA,NA,NA,NA,NA,NA,NA,NA,NA,NA,NA,NA,NA,NA,NA,NA,NA,NA,NA,NA,20,914,Naive,Lab confirmed,NA,NA,NA,NA,NA,Yes,No,"Age,Region,Sex",Both,914,Household based,General population,NA,NA,Djibouti,locations within Djibouti City,City,Unspecified,Urban area,Yes - as an attachment,NA,11,11,2010,15,02,2011,505_001,Rift Valley fever virus,1,1
505,1,FALSE,331,Alba Halliday,Risk factors,No,No,NA,NA,NA,NA,No,NA,NA,NA,NA,NA,NA,NA,NA,NA,NA,NA,NA,NA,NA,NA,NA,NA,NA,NA,NA,NA,NA,NA,NA,NA,NA,NA,NA,NA,NA,NA,NA,NA,NA,NA,NA,NA,NA,NA,NA,NA,NA,NA,NA,NA,NA,NA,NA,NA,NA,NA,Serology,"Age,Other",NA,Significant,Adjusted,No,NA,NA,Both,914,Household based,General population,NA,NA,Djibouti,locations within Djibouti City,City,Unspecified,Urban area,Yes - as an attachment,Adjusted odds ratio from multivariate analysis; significant for Arab ethnicity and age <=19 years old,11,11,2010,15,02,2011,505_002,Rift Valley fever virus,1,0
549,1,FALSE,331,Kieran Chopra,Risk factors,No,No,NA,NA,NA,NA,No,NA,NA,NA,NA,NA,NA,NA,NA,NA,NA,NA,NA,NA,NA,NA,NA,NA,NA,NA,NA,NA,NA,NA,NA,NA,NA,NA,NA,NA,NA,NA,NA,NA,NA,NA,NA,NA,NA,NA,NA,NA,NA,NA,NA,NA,NA,NA,NA,NA,NA,NA,Serology,"Sex,Other",NA,Not significant,Adjusted,No,NA,NA,Both,914,Household based,General population,NA,NA,Djibouti,locations within Djibouti City,City,Unspecified,Urban area,Yes - as an attachment,"Adjusted odds ratio from multivariate analysis;  risk factors: sex, (combined ethnic arab & upper socioeconomic status), large family (6 or more persons)",11,11,2010,15,02,2011,549_002,Rift Valley fever virus,1,0
496,1,FALSE,345,Amy Dighe,Seroprevalence - IgM,No,No,8,NA,NA,NA,No,Percentage (%),Central - unspecified,Observed sample statistic,NA,NA,NA,NA,NA,NA,NA,NA,NA,NA,NA,NA,No,NA,NA,NA,NA,NA,NA,NA,NA,NA,NA,NA,NA,NA,NA,NA,NA,NA,NA,NA,NA,NA,NA,NA,NA,NA,NA,NA,NA,NA,NA,NA,NA,196,Naive,NA,NA,NA,NA,NA,NA,No,NA,NA,Both,196,Hospital based,Persons with symptoms,1,89,Sudan,Khartoum,Province,Unspecified,Unspecified,Not available,Context was outpatients presenting with acute febrile illness. Cross-reactivity was noted with SFS and SFN.,NA,10,1988,NA,11,1988,496_001,Rift Valley fever virus,1,0
496,1,FALSE,345,Amy Dighe,Seroprevalence - IgM,No,No,4,NA,NA,NA,No,Percentage (%),Central - unspecified,Observed sample statistic,NA,NA,NA,NA,NA,NA,NA,NA,NA,NA,NA,NA,No,NA,NA,NA,NA,NA,NA,NA,NA,NA,NA,NA,NA,NA,NA,NA,NA,NA,NA,NA,NA,NA,NA,NA,NA,NA,NA,NA,NA,NA,NA,NA,NA,100,Naive,NA,NA,NA,NA,NA,NA,No,NA,NA,Unspecified,100,Hospital based,Other,NA,NA,Sudan,Khartoum,Province,Unspecified,Unspecified,Not available,Population context was 100 afebrile controls.,NA,10,1988,NA,11,1988,496_002,Rift Valley fever virus,1,0
496,1,FALSE,345,Amy Dighe,Seroprevalence - IgG,No,No,20,NA,NA,NA,No,Percentage (%),Central - unspecified,Observed sample statistic,NA,NA,NA,NA,NA,NA,NA,NA,NA,NA,NA,NA,No,NA,NA,NA,NA,NA,NA,NA,NA,NA,NA,NA,NA,NA,NA,NA,NA,NA,NA,NA,NA,NA,NA,NA,NA,NA,NA,NA,NA,NA,NA,NA,NA,196,Naive,NA,NA,NA,NA,NA,NA,No,NA,NA,Both,196,Hospital based,Persons with symptoms,1,89,Sudan,Khartoum,Province,Unspecified,Unspecified,Not available,Amongst cases of acute febrile illness.,NA,10,1988,NA,11,1988,496_003,Rift Valley fever virus,1,0
496,1,FALSE,345,Amy Dighe,Seroprevalence - IgG,No,No,22,NA,NA,NA,No,Percentage (%),Central - unspecified,Observed sample statistic,NA,NA,NA,NA,NA,NA,NA,NA,NA,NA,NA,NA,No,NA,NA,NA,NA,NA,NA,NA,NA,NA,NA,NA,NA,NA,NA,NA,NA,NA,NA,NA,NA,NA,NA,NA,NA,NA,NA,NA,NA,NA,NA,NA,NA,100,Naive,NA,NA,NA,NA,NA,NA,No,NA,NA,Unspecified,100,Hospital based,Other,NA,NA,Sudan,Khartoum,Province,Unspecified,Unspecified,Not available,Among afebrile controls.,NA,10,1988,NA,11,1988,496_004,Rift Valley fever virus,1,0
512,1,FALSE,345,Nora Schmit,Seroprevalence - Unspecified,Yes,No,NA,NA,NA,NA,NA,NA,NA,NA,NA,NA,NA,NA,NA,NA,NA,NA,NA,NA,NA,NA,NA,NA,NA,NA,NA,NA,NA,NA,NA,NA,NA,NA,NA,NA,NA,NA,NA,NA,NA,NA,NA,NA,NA,NA,NA,NA,NA,NA,NA,NA,NA,NA,NA,NA,NA,NA,NA,NA,NA,NA,NA,NA,NA,NA,Both,300,Hospital based,Other,NA,NA,Sudan,Khartoum,Province,Unspecified,Unspecified,Not available,"Total antibody prevalence (IgM or IgG) in total study population (febrile cases + afebrile controls presenting to the military hospital). Disaggregated by age (<=10, 11-21 and >21 years)",NA,10,1988,NA,11,1988,512_005,Rift Valley fever virus,1,0
486,1,FALSE,356,Gemma Nedjati-Gilani,Seroprevalence - IFA,No,No,0.3,0,NA,NA,No,Percentage (%),Central - unspecified,Observed sample statistic,NA,NA,NA,NA,NA,NA,NA,NA,NA,NA,NA,NA,No,NA,NA,NA,NA,NA,NA,NA,NA,NA,NA,NA,NA,NA,NA,NA,NA,NA,NA,NA,NA,NA,NA,NA,NA,NA,NA,NA,NA,NA,NA,NA,1,381,Naive,Lab confirmed,NA,NA,NA,NA,NA,Yes,No,Region,Unspecified,381,Population based,General population,NA,NA,Madagascar,Antananarivo; Mandoto; Andasibe; Tsiroanomandidy; Ampijoroa,areas,Unspecified,Both urban and rural areas,Yes - as an attachment,Number of positive samples are reported with numerator and denominator for each of the 5 regions which i guess means that the range of estimates should be given under the rule of 3. However because numerators and denominators shouldn't be extracted for ranges of parameters I have only extracted the aggregated percentage and numerator and denominator,NA,NA,NA,NA,NA,NA,486_001,Rift Valley fever virus,1,0
504,1,FALSE,375,Anna Vicco,Seroprevalence - IFA,No,No,NA,NA,0,9,No,Percentage (%),NA,Observed sample statistic,NA,NA,NA,NA,NA,NA,NA,NA,NA,NA,NA,NA,NA,NA,NA,NA,NA,NA,NA,NA,NA,NA,NA,NA,NA,NA,NA,NA,NA,NA,NA,NA,NA,NA,NA,NA,NA,NA,NA,NA,NA,NA,NA,NA,17,1899,Naive,Lab confirmed,NA,NA,NA,NA,NA,Yes,No,Region,Both,1899,Mixed settings,Mixed groups,1.5,NA,Kenya,Lodwar;Nzoia;Masinga;Laisamis;Malindi/Kilifi;,area,Unspecified,Unspecified,Not available,NA,NA,NA,NA,NA,NA,NA,504_001,Rift Valley fever virus,1,0
492,1,FALSE,503,Thomas Rawson,Seroprevalence - IgG,No,No,0.8,0,NA,NA,No,Percentage (%),Central - unspecified,Observed sample statistic,NA,NA,CI95%,0.5,1.3,NA,NA,NA,NA,NA,NA,NA,No,NA,NA,NA,NA,NA,NA,NA,NA,NA,NA,NA,NA,NA,NA,NA,NA,NA,NA,NA,NA,NA,NA,NA,NA,NA,NA,NA,NA,NA,NA,NA,15,1861,Naive,Lab confirmed,NA,NA,NA,NA,NA,No,NA,NA,Both,1861,Other,Farmers,5,85,Kenya,Lake Victoria Basin,region,Unspecified,Rural area,Yes - as an attachment,NA,NA,07,2010,NA,07,2012,492_001,Rift Valley fever virus,1,0
492,1,FALSE,503,Thomas Rawson,Seroprevalence - IgG,No,No,0.5,NA,NA,NA,No,Percentage (%),Central - unspecified,Estimated parameter,NA,NA,CI95%,0.2,0.8,NA,NA,NA,NA,NA,NA,NA,No,NA,NA,NA,NA,NA,NA,NA,NA,NA,NA,NA,NA,NA,NA,NA,NA,NA,NA,NA,NA,NA,NA,NA,NA,NA,NA,NA,NA,NA,NA,NA,15,1861,Adjusted,Lab confirmed,NA,NA,NA,NA,NA,No,NA,NA,Both,1861,Other,Farmers,5,85,Kenya,Lake Victoria Basin,region,Unspecified,Rural area,Yes - as an attachment,weighted by subregion population,NA,07,2010,NA,07,2012,492_002,Rift Valley fever virus,1,0
492,1,FALSE,503,Thomas Rawson,Seroprevalence - IgG,No,No,0.1,0,0.1,1.6,No,Percentage (%),Central - unspecified,Estimated parameter,NA,NA,CI95%,0,0.2,NA,NA,NA,NA,NA,NA,NA,No,NA,NA,NA,NA,NA,NA,NA,NA,NA,NA,NA,NA,NA,NA,NA,NA,NA,NA,NA,NA,NA,NA,NA,NA,NA,NA,NA,NA,NA,NA,NA,15,1861,Adjusted,Lab confirmed,NA,NA,NA,NA,NA,No,NA,NA,Both,1861,Other,Farmers,5,85,Kenya,Lake Victoria Basin,region,Unspecified,Rural area,Yes - as an attachment,corrected for test specificity,NA,07,2010,NA,07,2012,492_003,Rift Valley fever virus,1,0
492,1,FALSE,503,Thomas Rawson,Risk factors,No,No,NA,NA,NA,NA,NA,NA,NA,NA,NA,NA,NA,NA,NA,NA,NA,NA,NA,NA,NA,NA,NA,NA,NA,NA,NA,NA,NA,NA,NA,NA,NA,NA,NA,NA,NA,NA,NA,NA,NA,NA,NA,NA,NA,NA,NA,NA,NA,NA,NA,NA,NA,NA,NA,NA,NA,NA,Serology,"Age,Contact with animal",NA,Significant,Not adjusted,No,NA,NA,Both,1861,Other,Farmers,5,85,Kenya,Lake Victoria Basin,region,Unspecified,Rural area,Yes - as an attachment,homesteads,NA,07,2010,NA,07,2012,492_004,Rift Valley fever virus,1,0
492,1,FALSE,503,Thomas Rawson,Risk factors,No,No,NA,NA,NA,NA,NA,NA,NA,NA,NA,NA,NA,NA,NA,NA,NA,NA,NA,NA,NA,NA,NA,NA,NA,NA,NA,NA,NA,NA,NA,NA,NA,NA,NA,NA,NA,NA,NA,NA,NA,NA,NA,NA,NA,NA,NA,NA,NA,NA,NA,NA,NA,NA,NA,NA,NA,NA,Serology,"Contact with animal,Sex,Consumption of animal product",NA,Not significant,Not adjusted,No,NA,NA,Both,1861,Other,Farmers,5,85,Kenya,Lake Victoria Basin,region,Unspecified,Rural area,Yes - as an attachment,homesteads,NA,07,2010,NA,07,2012,492_005,Rift Valley fever virus,1,0
492,1,FALSE,503,Thomas Rawson,Risk factors,No,No,NA,NA,NA,NA,NA,NA,NA,NA,NA,NA,NA,NA,NA,NA,NA,NA,NA,NA,NA,NA,NA,NA,NA,NA,NA,NA,NA,NA,NA,NA,NA,NA,NA,NA,NA,NA,NA,NA,NA,NA,NA,NA,NA,NA,NA,NA,NA,NA,NA,NA,NA,NA,NA,NA,NA,NA,Serology,"Age,Contact with animal",NA,Significant,Adjusted,No,NA,NA,Both,1861,Other,Farmers,5,85,Kenya,Lake Victoria Basin,region,Unspecified,Rural area,Yes - as an attachment,homesteads,NA,07,2010,NA,07,2012,492_006,Rift Valley fever virus,1,0
492,1,FALSE,503,Thomas Rawson,Seroprevalence - IgG,No,No,2.5,0,NA,NA,No,Percentage (%),Central - unspecified,Observed sample statistic,NA,NA,CI95%,1.5,4.2,NA,NA,NA,NA,NA,NA,NA,No,NA,NA,NA,NA,NA,NA,NA,NA,NA,NA,NA,NA,NA,NA,NA,NA,NA,NA,NA,NA,NA,NA,NA,NA,NA,NA,NA,NA,NA,NA,NA,14,553,Naive,Lab confirmed,NA,NA,NA,NA,NA,No,NA,NA,Both,553,Other,Abattoir workers,18,82,Kenya,Lake Victoria Basin,region,Unspecified,Rural area,Yes - as an attachment,NA,NA,07,2010,NA,11,2012,492_007,Rift Valley fever virus,1,0
492,1,FALSE,503,Thomas Rawson,Seroprevalence - IgG,No,No,2.6,0,NA,NA,No,Percentage (%),Central - unspecified,Estimated parameter,NA,NA,CI95%,1.3,3.9,NA,NA,NA,NA,NA,NA,NA,No,NA,NA,NA,NA,NA,NA,NA,NA,NA,NA,NA,NA,NA,NA,NA,NA,NA,NA,NA,NA,NA,NA,NA,NA,NA,NA,NA,NA,NA,NA,NA,14,553,Adjusted,Lab confirmed,NA,NA,NA,NA,NA,No,NA,NA,Both,553,Other,Abattoir workers,18,82,Kenya,Lake Victoria Basin,region,Unspecified,Rural area,Yes - as an attachment,weighted by area population,NA,07,2010,NA,11,2012,492_008,Rift Valley fever virus,1,0
492,1,FALSE,503,Thomas Rawson,Seroprevalence - IgG,No,No,0.3,0,NA,NA,No,Percentage (%),Central - unspecified,Estimated parameter,NA,NA,CI95%,0,1.2,NA,NA,NA,NA,NA,NA,NA,No,NA,NA,NA,NA,NA,NA,NA,NA,NA,NA,NA,NA,NA,NA,NA,NA,NA,NA,NA,NA,NA,NA,NA,NA,NA,NA,NA,NA,NA,NA,NA,14,553,Adjusted,Lab confirmed,NA,NA,NA,NA,NA,No,NA,NA,Both,553,Other,Abattoir workers,18,82,Kenya,Lake Victoria Basin,region,Unspecified,Rural area,Yes - as an attachment,corrected for test specificity,NA,07,2010,NA,11,2012,492_009,Rift Valley fever virus,1,0
492,1,FALSE,503,Thomas Rawson,Risk factors,No,No,NA,NA,NA,NA,NA,NA,NA,NA,NA,NA,NA,NA,NA,NA,NA,NA,NA,NA,NA,NA,NA,NA,NA,NA,NA,NA,NA,NA,NA,NA,NA,NA,NA,NA,NA,NA,NA,NA,NA,NA,NA,NA,NA,NA,NA,NA,NA,NA,NA,NA,NA,NA,NA,NA,NA,NA,Serology,Occupation,Abattoir services,Significant,Not adjusted,No,NA,NA,Both,553,Other,Abattoir workers,18,82,Kenya,Lake Victoria Basin,region,Unspecified,Rural area,Yes - as an attachment,NA,NA,07,2010,NA,11,2012,492_010,Rift Valley fever virus,1,0
492,1,FALSE,503,Thomas Rawson,Risk factors,No,No,NA,NA,NA,NA,NA,NA,NA,NA,NA,NA,NA,NA,NA,NA,NA,NA,NA,NA,NA,NA,NA,NA,NA,NA,NA,NA,NA,NA,NA,NA,NA,NA,NA,NA,NA,NA,NA,NA,NA,NA,NA,NA,NA,NA,NA,NA,NA,NA,NA,NA,NA,NA,NA,NA,NA,NA,Serology,"Age,Contact with animal",NA,Not significant,Not adjusted,No,NA,NA,Both,553,Other,Abattoir workers,18,82,Kenya,Lake Victoria Basin,region,Unspecified,Rural area,Yes - as an attachment,NA,NA,07,2010,NA,11,2012,492_011,Rift Valley fever virus,1,0
492,1,FALSE,503,Thomas Rawson,Risk factors,No,No,NA,NA,NA,NA,NA,NA,NA,NA,NA,NA,NA,NA,NA,NA,NA,NA,NA,NA,NA,NA,NA,NA,NA,NA,NA,NA,NA,NA,NA,NA,NA,NA,NA,NA,NA,NA,NA,NA,NA,NA,NA,NA,NA,NA,NA,NA,NA,NA,NA,NA,NA,NA,NA,NA,NA,NA,Serology,"Age,Other",NA,Not significant,Adjusted,No,NA,NA,Both,553,Other,Abattoir workers,18,82,Kenya,Lake Victoria Basin,region,Unspecified,Rural area,Yes - as an attachment,NA,NA,07,2010,NA,11,2012,492_012,Rift Valley fever virus,1,0
492,1,FALSE,503,Thomas Rawson,Risk factors,No,NA,NA,NA,NA,NA,No,NA,NA,NA,NA,NA,NA,NA,NA,NA,NA,NA,NA,NA,NA,NA,NA,NA,NA,NA,NA,NA,NA,NA,NA,NA,NA,NA,NA,NA,NA,NA,NA,NA,NA,NA,NA,NA,NA,NA,NA,NA,NA,NA,NA,NA,NA,NA,NA,NA,NA,NA,Serology,Occupation,Abattoir services,Significant,Adjusted,No,NA,NA,Both,553,Other,Abattoir workers,18,82,Kenya,Lake Victoria Basin,region,Unspecified,Rural area,Yes - as an attachment,slaughterhouses; risk factor occupation; being a slaughterman specifically,NA,07,2010,NA,11,2012,492_013,Rift Valley fever virus,1,0
472,1,FALSE,565,Christian Morgenstern,Seroprevalence - IgG,No,No,18,NA,NA,NA,No,Percentage (%),Central - unspecified,Observed sample statistic,NA,NA,NA,NA,NA,NA,NA,NA,NA,NA,NA,NA,No,NA,NA,NA,NA,NA,NA,NA,NA,NA,NA,NA,NA,NA,NA,NA,NA,NA,NA,NA,NA,NA,NA,NA,NA,NA,NA,NA,NA,NA,NA,NA,38,211,Naive,NA,NA,NA,NA,NA,NA,Yes,No,"Age,Level of exposure,Sex,Symptoms",Both,211,Household based,General population,1,NA,Kenya,"Bodhei Village, Lamu County",Village/County,Post outbreak,Rural area,Unspecified,The timing is described as inter-epidemic period,NA,09,2006,NA,09,2006,472_001,Rift Valley fever virus,1,0
472,1,FALSE,565,Christian Morgenstern,Risk factors,No,No,NA,NA,NA,NA,NA,NA,NA,NA,NA,NA,NA,NA,NA,NA,NA,NA,NA,NA,NA,NA,NA,NA,NA,NA,NA,NA,NA,NA,NA,NA,NA,NA,NA,NA,NA,NA,NA,NA,NA,NA,NA,NA,NA,NA,NA,NA,NA,NA,NA,NA,NA,NA,NA,NA,NA,NA,Serology,"Age,Contact with animal,Sex,Other",NA,Significant,Not adjusted,No,NA,NA,Both,211,Household based,General population,1,NA,Kenya,"Bodhei Village, Lamu County",Village/County,Post outbreak,Rural area,Unspecified,The timing is described as inter-epidemic period,NA,09,2006,NA,09,2006,472_002,Rift Valley fever virus,1,0
472,1,FALSE,565,Christian Morgenstern,Risk factors,No,NA,NA,NA,NA,NA,No,NA,NA,NA,NA,NA,NA,NA,NA,NA,NA,NA,NA,NA,NA,NA,NA,NA,NA,NA,NA,NA,NA,NA,NA,NA,NA,NA,NA,NA,NA,NA,NA,NA,NA,NA,NA,NA,NA,NA,NA,NA,NA,NA,NA,NA,NA,NA,NA,NA,NA,NA,Serology,"Contact with animal,Environmental,Consumption of animal product,Other",NA,Not significant,Not adjusted,NA,NA,NA,Both,211,Household based,General population,1,NA,Kenya,"Bodhei Village, Lamu County",Village/County,Post outbreak,Rural area,Unspecified,The timing is described as inter-epidemic period,NA,09,2006,NA,09,2006,472_003,Rift Valley fever virus,1,0
472,1,FALSE,565,Christian Morgenstern,Risk factors,No,No,NA,NA,NA,NA,NA,NA,NA,NA,NA,NA,NA,NA,NA,NA,NA,NA,NA,NA,NA,NA,NA,NA,NA,NA,NA,NA,NA,NA,NA,NA,NA,NA,NA,NA,NA,NA,NA,NA,NA,NA,NA,NA,NA,NA,NA,NA,NA,NA,NA,NA,NA,NA,NA,NA,NA,NA,Serology,"Age,Contact with animal,Other",NA,Significant,Adjusted,NA,NA,NA,Both,211,Household based,General population,1,NA,Kenya,"Bodhei Village, Lamu County",Village/County,Post outbreak,Rural area,Unspecified,Seropositivity associated with worse ophthalmological outcomes. The timing is described as inter-epidemic period.,NA,09,2006,NA,09,2006,472_004,Rift Valley fever virus,1,0
475,1,FALSE,678,Christian Morgenstern,Seroprevalence - IFA,No,No,8.01,NA,NA,NA,No,Percentage (%),Mean,Observed sample statistic,NA,NA,NA,NA,NA,NA,NA,NA,NA,NA,NA,NA,No,NA,NA,NA,NA,NA,NA,NA,NA,NA,NA,NA,NA,NA,NA,NA,NA,NA,NA,NA,NA,NA,NA,NA,NA,NA,NA,NA,NA,NA,NA,NA,38,474,Naive,Lab confirmed,NA,NA,NA,NA,NA,Yes,NA,"Age,Region,Sex",Both,474,Community based,Mixed groups,NA,NA,Madagascar,Fenerive,district,Post outbreak,Unspecified,Not available,NA,02,05,1990,2,6,1990,475_001,Rift Valley fever virus,1,0
475,1,FALSE,678,Christian Morgenstern,Seroprevalence - IgM,No,No,5.4,NA,NA,NA,No,Percentage (%),Mean,Observed sample statistic,NA,NA,NA,NA,NA,NA,NA,NA,NA,NA,NA,NA,NA,NA,NA,NA,NA,NA,NA,NA,NA,NA,NA,NA,NA,NA,NA,NA,NA,NA,NA,NA,NA,NA,NA,NA,NA,NA,NA,NA,NA,NA,NA,NA,25,460,Naive,Lab confirmed,NA,NA,NA,NA,NA,Yes,No,"Age,Region,Sex",Both,460,Community based,Mixed groups,NA,NA,Madagascar,Fenerive,district,Post outbreak,Unspecified,Not available,NA,02,05,1990,2,6,1990,475_002,Rift Valley fever virus,1,0
475,1,FALSE,678,Christian Morgenstern,Seroprevalence - IFA,No,No,27.7,NA,NA,NA,No,Percentage (%),Mean,Observed sample statistic,NA,NA,NA,NA,NA,NA,NA,NA,NA,NA,NA,NA,No,NA,NA,NA,NA,NA,NA,NA,NA,NA,NA,NA,NA,NA,NA,NA,NA,NA,NA,NA,NA,NA,NA,NA,NA,NA,NA,NA,NA,NA,NA,NA,5,18,Naive,Lab confirmed,NA,NA,NA,NA,NA,No,NA,NA,Unspecified,18,Hospital based,Persons under investigation,NA,NA,Madagascar,Fenerive hospital,district,Post outbreak,Unspecified,Not available,NA,02,05,1990,2,6,1990,475_003,Rift Valley fever virus,1,0
475,1,FALSE,678,Christian Morgenstern,Seroprevalence - IgM,No,No,28.5,NA,NA,NA,No,Percentage (%),Mean,Observed sample statistic,NA,NA,NA,NA,NA,NA,NA,NA,NA,NA,NA,NA,NA,NA,NA,NA,NA,NA,NA,NA,NA,NA,NA,NA,NA,NA,NA,NA,NA,NA,NA,NA,NA,NA,NA,NA,NA,NA,NA,NA,NA,NA,NA,NA,4,14,Naive,Lab confirmed,NA,NA,NA,NA,NA,No,NA,NA,Unspecified,14,Hospital based,Persons under investigation,NA,NA,Madagascar,Fenerive hospital,district,Post outbreak,Unspecified,Not available,NA,02,05,1990,2,6,1990,475_004,Rift Valley fever virus,1,0
475,1,FALSE,678,Christian Morgenstern,Risk factors,No,No,NA,NA,NA,NA,NA,NA,NA,NA,NA,NA,NA,NA,NA,NA,NA,NA,NA,NA,NA,NA,NA,NA,NA,NA,NA,NA,NA,NA,NA,NA,NA,NA,NA,NA,NA,NA,NA,NA,NA,NA,NA,NA,NA,NA,NA,NA,NA,NA,NA,NA,NA,NA,NA,NA,NA,NA,Serology,Sex,NA,Not significant,Unspecified,NA,NA,NA,Both,474,Community based,Mixed groups,NA,NA,Madagascar,Fenerive,district,Post outbreak,Unspecified,Not available,In Namantoana village sex difference was significant. Also in the 20-29 year old age group sex difference was significant.,02,05,1990,2,6,1990,475_005,Rift Valley fever virus,1,0
513,1,FALSE,726,Joseph Hicks,Seroprevalence - IgG,No,No,15,0,0,47,No,Percentage (%),Central - unspecified,Observed sample statistic,NA,NA,NA,NA,NA,NA,NA,NA,NA,NA,NA,NA,No,NA,NA,NA,NA,NA,NA,NA,NA,NA,NA,NA,NA,NA,NA,NA,NA,NA,NA,NA,NA,NA,NA,NA,NA,NA,NA,NA,NA,NA,NA,NA,NA,915,Naive,NA,NA,NA,NA,NA,NA,Yes,No,Age,Unspecified,915,Unspecified,General population,NA,NA,Egypt,Bilbeis area Sharqiya governate,area governate,Post outbreak,Unspecified,Not available,Context is 915 persons from 190 households in one of the main areas affected by the outbreak.,NA,05,1991,NA,07,1991,513_001,Rift Valley fever virus,1,0
489,1,FALSE,753,Gemma Nedjati-Gilani,Attack rate,No,No,0.11,0,0.01,0.19,No,Percentage (%),Central - unspecified,Observed sample statistic,NA,NA,NA,NA,NA,NA,NA,NA,NA,NA,NA,NA,No,NA,NA,NA,NA,NA,NA,NA,NA,NA,NA,NA,NA,NA,NA,NA,NA,NA,NA,NA,NA,NA,NA,NA,NA,NA,NA,NA,NA,NA,NA,NA,NA,NA,NA,NA,NA,NA,NA,NA,NA,Yes,No,Age,Both,197007,Community based,General population,NA,NA,Egypt,Sharkia,Governorate,Unspecified,Unspecified,Yes - as an attachment,Uses population of affected villages as the denominator,08,10,1977,17,12,1977,489_001,Rift Valley fever virus,1,0
489,1,FALSE,753,Gemma Nedjati-Gilani,Severity - case fatality ratio (CFR),No,No,11.4,0,0,50,No,Percentage (%),Central - unspecified,Observed sample statistic,NA,NA,NA,NA,NA,NA,NA,NA,NA,NA,NA,NA,NA,NA,NA,NA,NA,NA,NA,NA,NA,NA,NA,NA,NA,NA,NA,NA,NA,NA,NA,NA,NA,NA,NA,NA,NA,NA,NA,NA,NA,NA,NA,NA,24,210,Naive,Clinically diagnosed/symptomatic,NA,NA,NA,NA,NA,Yes,No,"Age,Region,Sex",Both,210,Hospital based,Persons with symptoms,NA,NA,Egypt,Belbes; Zagazeg; Abo-Hammad; Facos,Districts,Unspecified,Unspecified,Yes - as an attachment,Disaggregated by age; sex; age and sex; district,08,10,1977,17,12,1977,489_002,Rift Valley fever virus,1,0
516,1,FALSE,753,Joseph Hicks,Human delay - admission to care>death,No,No,NA,NA,NA,NA,No,NA,NA,Observed sample statistic,NA,NA,NA,NA,NA,NA,NA,NA,NA,NA,NA,NA,Yes,Range,NA,1,8,0,No,Days,No,Observed sample statistic,No,NA,NA,NA,NA,NA,No,NA,NA,NA,NA,NA,NA,NA,NA,NA,NA,NA,NA,NA,NA,NA,NA,NA,NA,NA,NA,NA,NA,NA,NA,No,NA,NA,Both,24,Hospital based,Persons under investigation,NA,NA,Egypt,Sharkia,Governorate,Unspecified,Unspecified,Yes - as an attachment,Empirical distribution in bands of 2 days given in table 7,08,10,1977,17,12,1977,516_004,Rift Valley fever virus,1,0
541,1,FALSE,845,Patrick Doohan,Mutations - evolutionary rate,NA,NA,4.2,-4,NA,NA,NA,Substitutions/site/year,Mean,Estimated parameter,NA,NA,Highest Posterior Density Interval 95%,3.09,5.38,NA,NA,NA,NA,NA,NA,NA,NA,NA,NA,NA,NA,NA,NA,NA,NA,NA,NA,NA,NA,NA,NA,NA,NA,NA,NA,NA,NA,NA,NA,NA,NA,NA,S segment,Yes,NA,NA,NA,NA,NA,NA,NA,NA,NA,NA,NA,NA,NA,No,NA,NA,Unspecified,13,Population based,Persons under investigation,NA,NA,Sudan,Khartoum;White Nile;El Gazira,State,Post outbreak,Unspecified,Yes - on another platform,14 S segments: GenBank accession nos. JQ820472-82 and JQ840745-6,NA,10,2007,NA,10,2010,541_001,Rift Valley fever virus,1,0
541,1,FALSE,845,Patrick Doohan,Mutations - evolutionary rate,NA,NA,5.06,-4,NA,NA,NA,Substitutions/site/year,Mean,Estimated parameter,NA,NA,Highest Posterior Density Interval 95%,3.27,6.76,NA,NA,NA,NA,NA,NA,NA,NA,NA,NA,NA,NA,NA,NA,NA,NA,NA,NA,NA,NA,NA,NA,NA,NA,NA,NA,NA,NA,NA,NA,NA,NA,NA,M segment,Yes,NA,NA,NA,NA,NA,NA,NA,NA,NA,NA,NA,NA,NA,No,NA,NA,Unspecified,5,Population based,Persons under investigation,NA,NA,Sudan,Khartoum; White Nile; El Gezira,State,Post outbreak,Unspecified,Yes - on another platform,5 complete M segments added: GenBank accession nos. JQ820487-91,NA,NA,2007,NA,10,2010,541_002,Rift Valley fever virus,1,0
541,1,FALSE,845,Patrick Doohan,Mutations - evolutionary rate,NA,NA,4.29,-4,NA,NA,NA,Substitutions/site/year,Mean,Estimated parameter,NA,NA,Highest Posterior Density Interval 95%,2.65,6.03,NA,NA,NA,NA,NA,NA,NA,NA,NA,NA,NA,NA,NA,NA,NA,NA,NA,NA,NA,NA,NA,NA,NA,NA,NA,NA,NA,NA,NA,NA,NA,NA,NA,L segment,Yes,NA,NA,NA,NA,NA,NA,NA,NA,NA,NA,NA,NA,NA,No,NA,NA,Unspecified,4,Population based,Persons under investigation,NA,NA,Sudan,White Nile;El Gazira,State,Post outbreak,Unspecified,Yes - on another platform,4 complete L segments added: GenBank accession nos. JQ820483-6,NA,NA,2007,NA,10,2010,541_003,Rift Valley fever virus,1,0
541,1,FALSE,845,Patrick Doohan,Risk factors,NA,NA,NA,NA,NA,NA,NA,NA,NA,NA,NA,NA,NA,NA,NA,NA,NA,NA,NA,NA,NA,NA,NA,NA,NA,NA,NA,NA,NA,NA,NA,NA,NA,NA,NA,NA,NA,NA,NA,NA,NA,NA,NA,NA,NA,NA,NA,NA,NA,NA,NA,NA,NA,NA,NA,NA,NA,NA,Infection,Sex,NA,Not significant,Not adjusted,NA,NA,NA,Both,156,Population based,Persons with symptoms,1.5,85,"South Sudan,Sudan",Nile;Khartoum;Kassala;El Gezira;White Nile;Sennar;Upper Nile;,State,Post outbreak,Unspecified,Not available,NA,09,10,2007,04,12,2010,541_004,Rift Valley fever virus,1,0
479,1,FALSE,959,Kelly McCain,Seroprevalence - IgG,No,No,4.5,NA,0.3,12.5,No,Percentage (%),Central - unspecified,Observed sample statistic,NA,NA,CI95%,2.7,6.3,NA,NA,NA,NA,NA,NA,NA,No,NA,NA,NA,NA,NA,NA,NA,NA,NA,NA,NA,NA,NA,NA,NA,NA,NA,NA,NA,NA,NA,NA,NA,NA,NA,NA,NA,NA,NA,NA,NA,NA,1091,Adjusted,Lab confirmed,NA,NA,NA,NA,NA,Yes,No,"Age,Region,Sex",Both,1091,Population based,General population,15,64,Kenya,Nairobi; Central; Coast; Eastern; North Eastern; Nyanza; Rift Valley; Western,province,Unspecified,Unspecified,Not available,Among HIV-negative samples from a population-based cross-sectional household survey,NA,NA,2007,NA,NA,2007,479_001,Rift Valley fever virus,1,0
494,1,FALSE,959,Thomas Rawson,Risk factors,No,No,NA,NA,NA,NA,No,NA,NA,NA,NA,NA,NA,NA,NA,NA,NA,NA,NA,NA,NA,NA,NA,NA,NA,NA,NA,NA,NA,NA,NA,NA,NA,NA,NA,NA,NA,NA,NA,NA,NA,NA,NA,NA,NA,NA,NA,NA,NA,NA,NA,NA,NA,NA,NA,NA,NA,NA,Serology,"Age,Other",NA,Significant,Not adjusted,No,NA,NA,Both,1091,Population based,General population,15,64,Kenya,Nairobi; Central; Coast; Eastern; North Eastern; Nyanza; Rift Valley; Western,province,Unspecified,Unspecified,Not available,Age category; Education level; Wealth quintiles; Province are the risk factors,NA,NA,2007,NA,NA,2007,494_003,Rift Valley fever virus,1,0
494,1,FALSE,959,Thomas Rawson,Risk factors,No,No,NA,NA,NA,NA,NA,NA,NA,NA,NA,NA,NA,NA,NA,NA,NA,NA,NA,NA,NA,NA,NA,NA,NA,NA,NA,NA,NA,NA,NA,NA,NA,NA,NA,NA,NA,NA,NA,NA,NA,NA,NA,NA,NA,NA,NA,NA,NA,NA,NA,NA,NA,NA,NA,NA,NA,NA,Serology,Sex,NA,Not significant,Not adjusted,No,NA,NA,Both,1091,Population based,General population,15,64,Kenya,Nairobi; Central; Coast; Eastern; North Eastern; Nyanza; Rift Valley; Western,province,Unspecified,Unspecified,Not available,Sex is risk factor,NA,NA,2007,NA,NA,2007,494_004,Rift Valley fever virus,1,0
494,1,FALSE,959,Thomas Rawson,Risk factors,No,No,NA,NA,NA,NA,NA,NA,NA,NA,NA,NA,NA,NA,NA,NA,NA,NA,NA,NA,NA,NA,NA,NA,NA,NA,NA,NA,NA,NA,NA,NA,NA,NA,NA,NA,NA,NA,NA,NA,NA,NA,NA,NA,NA,NA,NA,NA,NA,NA,NA,NA,NA,NA,NA,NA,NA,NA,Serology,"Age,Sex,Other",NA,Not significant,Adjusted,No,NA,NA,Both,1091,Population based,General population,15,64,Kenya,Nairobi; Central; Coast; Eastern; North Eastern; Nyanza; Rift Valley; Western,province,Unspecified,Unspecified,Not available,Age category; Education level; Wealth quintiles all not significant; Some provinces (Central; Coast; Eastern; North Eastern; Nyanza) had higher risk,NA,NA,2007,NA,NA,2007,494_005,Rift Valley fever virus,1,0
494,1,FALSE,959,Thomas Rawson,Risk factors,No,No,NA,NA,NA,NA,NA,NA,NA,NA,NA,NA,NA,NA,NA,NA,NA,NA,NA,NA,NA,NA,NA,NA,NA,NA,NA,NA,NA,NA,NA,NA,NA,NA,NA,NA,NA,NA,NA,NA,NA,NA,NA,NA,NA,NA,NA,NA,NA,NA,NA,NA,NA,NA,NA,NA,NA,NA,Serology,Other,NA,Significant,Adjusted,No,NA,NA,Both,1091,Population based,General population,15,64,Kenya,Nairobi; Central; Coast; Eastern; North Eastern; Nyanza; Rift Valley; Western,province,Unspecified,Unspecified,Not available,NA,NA,NA,2007,NA,NA,2007,494_006,Rift Valley fever virus,1,0
544,1,FALSE,982,Nora Schmit,Seroprevalence - IgG,No,No,1.8,0,0,6.2,No,Percentage (%),Central - unspecified,Observed sample statistic,NA,NA,CI95%,1.3,2.3,NA,NA,NA,NA,NA,NA,NA,No,NA,NA,NA,NA,NA,NA,NA,NA,NA,NA,NA,NA,NA,NA,NA,NA,NA,NA,NA,NA,NA,NA,NA,NA,NA,NA,NA,NA,NA,NA,NA,51,2871,Naive,NA,NA,NA,NA,NA,NA,Yes,No,"Age,Region,Sex,Other",Both,2871,Community based,Unspecified,NA,NA,Kenya,Jego;Kinango;Magodzoni;Milalani;Nganja;Vuga;,Villages within county,Unspecified,Rural area,Unspecified,Extracted range represents minimum and maximum for all locations combined (Table 1). Other disaggregations were tribe; socioeconomic status level; level of education; mosquito avoidance behaviour; yellow fever vaccine,NA,NA,2009,NA,NA,2011,544_001,Rift Valley fever virus,1,0
544,1,FALSE,982,Nora Schmit,Risk factors,No,No,NA,NA,NA,NA,NA,NA,NA,NA,NA,NA,NA,NA,NA,NA,NA,NA,NA,NA,NA,NA,NA,NA,NA,NA,NA,NA,NA,NA,NA,NA,NA,NA,NA,NA,NA,NA,NA,NA,NA,NA,NA,NA,NA,NA,NA,NA,NA,NA,NA,NA,NA,NA,NA,NA,NA,NA,Serology,"Age,Other",NA,Significant,Not adjusted,NA,NA,NA,Both,2871,Community based,Unspecified,NA,NA,Kenya,Jego;Kinango;Magodzoni;Milalani;Nganja;Vuga;,Villages within county,Unspecified,Rural area,Unspecified,Other significant risk factors were location; land ownership; motor vehicle ownership; socioeconomic status level,NA,NA,2009,NA,NA,2011,544_002,Rift Valley fever virus,1,0
544,1,FALSE,982,Nora Schmit,Risk factors,No,NA,NA,NA,NA,NA,No,NA,NA,NA,NA,NA,NA,NA,NA,NA,NA,NA,NA,NA,NA,NA,NA,NA,NA,NA,NA,NA,NA,NA,NA,NA,NA,NA,NA,NA,NA,NA,NA,NA,NA,NA,NA,NA,NA,NA,NA,NA,NA,NA,NA,NA,NA,NA,NA,NA,NA,NA,Serology,"Sex,Other",NA,Not significant,Not adjusted,NA,NA,NA,Both,2871,Community based,Unspecified,NA,NA,Kenya,Jego;Kinango;Magodzoni;Milalani;Nganja;Vuga;,Villages within county,Unspecified,Rural area,Unspecified,Other non-significant risk factors were tribe; education level; mosquito avoidance behaviour;  yellow fever vaccine,NA,NA,2009,NA,NA,2011,544_003,Rift Valley fever virus,1,0
531,1,FALSE,1032,Amy Dighe,Seroprevalence - IFA,No,No,NA,NA,NA,NA,No,NA,NA,Observed sample statistic,NA,NA,NA,NA,NA,NA,NA,NA,NA,NA,NA,NA,No,NA,NA,NA,NA,NA,NA,NA,NA,NA,NA,NA,NA,NA,NA,NA,NA,NA,NA,NA,NA,NA,NA,NA,NA,NA,NA,NA,NA,NA,NA,NA,33,4295,Naive,NA,NA,NA,NA,NA,NA,No,NA,NA,Both,4295,Population based,General population,1,NA,Central African Republic,Nola; Ikaumba; Bozo; Bangassou; Bouar; Obo; Mbre; Birao,areas spread across each ecological zone,Unspecified,Unspecified,Unspecified,No dates were given for sampling,NA,NA,NA,NA,NA,NA,531_001,Rift Valley fever virus,1,0
507,1,FALSE,1111,Julia Halder,Seroprevalence - IgG,No,No,0.5,NA,NA,NA,No,Percentage (%),Central - unspecified,Estimated parameter,NA,NA,CI95%,0.2,0.8,NA,NA,NA,NA,NA,NA,NA,No,NA,NA,NA,NA,NA,NA,NA,NA,NA,NA,NA,NA,NA,NA,NA,NA,NA,NA,NA,NA,NA,NA,NA,NA,NA,NA,NA,NA,NA,NA,NA,NA,NA,Adjusted,NA,NA,NA,NA,NA,NA,No,NA,NA,Both,2113,Household based,General population,NA,NA,Kenya,Busia; Western Kenya,zone around town,Unspecified,Rural area,Yes - on another platform,,NA,08,2010,NA,07,2012,507_001,Rift Valley fever virus,1,0
515,1,FALSE,1146,Nora Schmit,Seroprevalence - IgG,No,No,5.2,0,0,29.3,No,Percentage (%),Central - unspecified,Observed sample statistic,NA,NA,NA,NA,NA,NA,NA,NA,NA,NA,NA,NA,No,NA,NA,NA,NA,NA,NA,NA,NA,NA,NA,NA,NA,NA,NA,NA,NA,NA,NA,NA,NA,NA,NA,NA,NA,NA,NA,NA,NA,NA,NA,NA,64,1228,Naive,NA,NA,NA,NA,NA,NA,Yes,No,"Age,Region",Both,1228,Household based,General population,5,NA,United Republic of Tanzania,Mbeya Region,Region,Endemic,Both urban and rural areas,Unspecified,This 'observed sample statistic' prevalence estimate is biased as disproportionate stratified sampling was employed. Prevalence was disaggregrated by all sites but only in a figure (therefore not extracted). Separate values were extracted for the Bujonde-Kajunjumele subsite vs all other sites. There is a CI given for the upper bound of the range (not for anything else) but can't see where to extract that so noting here.,NA,06,2007,NA,06,2008,515_001,Rift Valley fever virus,1,0
515,1,FALSE,1146,Nora Schmit,Seroprevalence - IgG,No,No,3.1,0,NA,NA,No,Percentage (%),Central - unspecified,Estimated parameter,NA,NA,NA,NA,NA,NA,NA,NA,NA,NA,NA,NA,No,NA,NA,NA,NA,NA,NA,NA,NA,NA,NA,NA,NA,NA,NA,NA,NA,NA,NA,NA,NA,NA,NA,NA,NA,NA,NA,NA,NA,NA,NA,NA,NA,1228,Adjusted,NA,NA,NA,NA,NA,NA,No,NA,NA,Both,1228,Household based,General population,5,NA,United Republic of Tanzania,Mbeya Region,Region,Endemic,Both urban and rural areas,Unspecified,"Estimated overall population prevalence adjusted for sampling strategy. 9 sites in Mbeya (Southwestern Tanzania) selected to represent different environmental and infrastructural settings. 'Of the 1228 analyzed sera, 5.2% (64 sera) were positive for RVFV IgG. This translates into an estimated overall population prevalence of 3.1% when extrapolated from our stratified sample to the underlying population of the 9 study sites.'",NA,06,2007,NA,06,2008,515_002,Rift Valley fever virus,1,0
500,1,FALSE,1146,Ruth McCabe,Risk factors,No,NA,NA,NA,NA,NA,No,NA,NA,NA,NA,NA,NA,NA,NA,NA,NA,NA,NA,NA,NA,NA,NA,NA,NA,NA,NA,NA,NA,NA,NA,NA,NA,NA,NA,NA,NA,NA,NA,NA,NA,NA,NA,NA,NA,NA,NA,NA,NA,NA,NA,NA,NA,NA,NA,NA,NA,NA,Serology,"Age,Environmental,Temperature,Other",NA,Significant,Not adjusted,No,NA,NA,Both,1228,Household based,General population,5,NA,United Republic of Tanzania,Mbeya Region,Region,Endemic,Both urban and rural areas,Unspecified,Other' risk factors are socioeconomic status; distance to lake malawi; elevation; vegetation,NA,06,2007,NA,06,2008,500_003,Rift Valley fever virus,1,0
500,1,FALSE,1146,Ruth McCabe,Risk factors,No,No,NA,NA,NA,NA,NA,NA,NA,NA,NA,NA,NA,NA,NA,NA,NA,NA,NA,NA,NA,NA,NA,NA,NA,NA,NA,NA,NA,NA,NA,NA,NA,NA,NA,NA,NA,NA,NA,NA,NA,NA,NA,NA,NA,NA,NA,NA,NA,NA,NA,NA,NA,NA,NA,NA,NA,NA,Serology,"Sex,Temperature,Other",NA,Not significant,Not adjusted,NA,NA,NA,Both,1228,Household based,General population,5,NA,United Republic of Tanzania,Mbeya Region,Region,Endemic,Both urban and rural areas,Unspecified,'Other' risk factors: if cattle owner & cattle per sq m,NA,06,2007,NA,06,2008,500_004,Rift Valley fever virus,1,0
500,1,FALSE,1146,Ruth McCabe,Risk factors,No,No,NA,NA,NA,NA,NA,NA,NA,NA,NA,NA,NA,NA,NA,NA,NA,NA,NA,NA,NA,NA,NA,NA,NA,NA,NA,NA,NA,NA,NA,NA,NA,NA,NA,NA,NA,NA,NA,NA,NA,NA,NA,NA,NA,NA,NA,NA,NA,NA,NA,NA,NA,NA,NA,NA,NA,NA,Serology,"Age,Environmental,Temperature,Other",NA,Significant,Adjusted,NA,NA,NA,Both,1228,Household based,General population,5,NA,United Republic of Tanzania,Mbeya Region,Region,Endemic,Both urban and rural areas,Unspecified,Other' risk factors: socioeconomic status; cattle owned; vegetation; distance to Lake Malawi; elevation ,NA,06,2007,NA,06,2008,500_005,Rift Valley fever virus,1,0
500,1,FALSE,1146,Ruth McCabe,Risk factors,No,No,NA,NA,NA,NA,NA,NA,NA,NA,NA,NA,NA,NA,NA,NA,NA,NA,NA,NA,NA,NA,NA,NA,NA,NA,NA,NA,NA,NA,NA,NA,NA,NA,NA,NA,NA,NA,NA,NA,NA,NA,NA,NA,NA,NA,NA,NA,NA,NA,NA,NA,NA,NA,NA,NA,NA,NA,Serology,Temperature,NA,Not significant,Adjusted,NA,NA,NA,Both,1228,Household based,General population,5,NA,United Republic of Tanzania,Mbeya Region,Region,Endemic,Both urban and rural areas,Unspecified,NA,NA,06,2007,NA,06,2008,500_006,Rift Valley fever virus,1,0
517,1,FALSE,1156,Amy Dighe,Risk factors,No,No,NA,NA,NA,NA,NA,NA,NA,NA,NA,NA,NA,NA,NA,NA,NA,NA,NA,NA,NA,NA,NA,NA,NA,NA,NA,NA,NA,NA,NA,NA,NA,NA,NA,NA,NA,NA,NA,NA,NA,NA,NA,NA,NA,NA,NA,NA,NA,NA,NA,NA,NA,NA,NA,NA,NA,NA,Serology,Sex,NA,Significant,Not adjusted,NA,NA,NA,Both,149,Hospital based,Persons under investigation,NA,NA,Sudan,New Halfa,Area,Unspecified,Both urban and rural areas,Not available,pretty sure they only tested the 149 without other known causes of fever but it does not explicitly say.,NA,10,2007,NA,12,2007,517_002,Rift Valley fever virus,1,0
517,1,FALSE,1156,Amy Dighe,Risk factors,No,NA,NA,NA,NA,NA,No,NA,NA,NA,NA,NA,NA,NA,NA,NA,NA,NA,NA,NA,NA,NA,NA,NA,NA,NA,NA,NA,NA,NA,NA,NA,NA,NA,NA,NA,NA,NA,NA,NA,NA,NA,NA,NA,NA,NA,NA,NA,NA,NA,NA,NA,NA,NA,NA,NA,NA,NA,Serology,"Age,Occupation,Other",Unspecified,Not significant,Not adjusted,No,NA,NA,Both,149,Hospital based,Persons under investigation,NA,NA,Sudan,New Halfa,Area,Unspecified,Both urban and rural areas,Not available,Other includes residency and education.,NA,10,2007,NA,12,2007,517_003,Rift Valley fever virus,1,0
528,1,FALSE,1156,sangeeta bhatia,Seroprevalence - IgG,No,No,81.8,NA,NA,NA,NA,Percentage (%),Central - unspecified,Observed sample statistic,NA,NA,NA,NA,NA,NA,NA,NA,NA,NA,NA,NA,NA,NA,NA,NA,NA,NA,NA,NA,NA,NA,NA,NA,NA,NA,NA,NA,NA,NA,NA,NA,NA,NA,NA,NA,NA,NA,NA,NA,NA,NA,NA,NA,122,149,Naive,Other,NA,NA,NA,NA,NA,No,NA,NA,Both,149,Hospital based,Persons with symptoms,NA,NA,Sudan,New Halfa,Area,Unspecified,Both urban and rural areas,Not available,persons of interest refers specifically to acutely febrile patients in New Halfa hospital who were not diagnosed with malaria (fevers of unknown origin). Serum samples were taken during their hospitalisation.,NA,10,2007,NA,12,2007,528_001,Rift Valley fever virus,1,0
525,1,FALSE,1162,Gina Cuomo-Dannenburg,Risk factors,NA,NA,NA,NA,NA,NA,NA,NA,NA,NA,NA,NA,NA,NA,NA,NA,NA,NA,NA,NA,NA,NA,NA,NA,NA,NA,NA,NA,NA,NA,NA,NA,NA,NA,NA,NA,NA,NA,NA,NA,NA,NA,NA,NA,NA,NA,NA,NA,NA,NA,NA,NA,NA,NA,NA,NA,NA,NA,Serology,"Age,Close contact,Contact with animal,Household contact,Occupation,Sex,Other",Livestock and animal herders,Significant,Not adjusted,NA,NA,NA,Both,1082,Population based,General population,1,NA,Kenya,Sabenale; Matarba; Gedilun; Golalbele; Korhindi; Tumtish,Garissa County,Post outbreak,Rural area,Yes - as an attachment,"Table 1 -- ORs for a whole range of variables. all are significant in this table. Occupation: herders, abbatoir workers and veterinarian (those involved with birthing animals)",NA,08,2011,NA,11,2011,525_002,Rift Valley fever virus,1,0
525,1,FALSE,1162,Gina Cuomo-Dannenburg,Risk factors,No,NA,NA,NA,NA,NA,No,NA,NA,NA,NA,NA,NA,NA,NA,NA,NA,NA,NA,NA,NA,NA,NA,NA,NA,NA,NA,NA,NA,NA,NA,NA,NA,NA,NA,NA,NA,NA,NA,NA,NA,NA,NA,NA,NA,NA,NA,NA,NA,NA,NA,NA,NA,NA,NA,NA,NA,NA,Serology,"Age,Occupation,Sex",Abattoir services,Significant,Adjusted,NA,NA,NA,Both,1082,Population based,General population,1,NA,Kenya,Sabenale; Matarba; Gedilun; Golalbele; Korhindi; Tumtish,Garissa County,Post outbreak,Rural area,Yes - as an attachment,Table 2. Extracted the variable 'killed livestock' as occupation > abattoir worker. The other variables did not speak to this type of exposure,NA,08,2011,NA,11,2011,525_003,Rift Valley fever virus,1,0
525,1,FALSE,1162,Gina Cuomo-Dannenburg,Risk factors,No,No,NA,NA,NA,NA,NA,NA,NA,NA,NA,NA,NA,NA,NA,NA,NA,NA,NA,NA,NA,NA,NA,NA,NA,NA,NA,NA,NA,NA,NA,NA,NA,NA,NA,NA,NA,NA,NA,NA,NA,NA,NA,NA,NA,NA,NA,NA,NA,NA,NA,NA,NA,NA,NA,NA,NA,NA,Severe disease,"Age,Other",NA,Significant,Not adjusted,NA,NA,NA,Both,1082,Population based,General population,1,NA,Kenya,Sabenale; Matarba; Gedilun; Golalbele; Korhindi; Tumtish,Garissa County,Post outbreak,Rural area,Yes - as an attachment,Table 3,NA,08,2011,NA,11,2011,525_004,Rift Valley fever virus,1,0
525,1,FALSE,1162,Gina Cuomo-Dannenburg,Risk factors,No,No,NA,NA,NA,NA,NA,NA,NA,NA,NA,NA,NA,NA,NA,NA,NA,NA,NA,NA,NA,NA,NA,NA,NA,NA,NA,NA,NA,NA,NA,NA,NA,NA,NA,NA,NA,NA,NA,NA,NA,NA,NA,NA,NA,NA,NA,NA,NA,NA,NA,NA,NA,NA,NA,NA,NA,NA,Severe disease,"Contact with animal,Occupation,Sex,Consumption of animal product,Other",Livestock and animal herders,Not significant,Not adjusted,NA,NA,NA,Both,1082,Population based,General population,1,NA,Kenya,Sabenale; Matarba; Gedilun; Golalbele; Korhindi; Tumtish,Garissa County,Post outbreak,Rural area,Yes - as an attachment,Table 3,NA,08,2011,NA,11,2011,525_005,Rift Valley fever virus,1,0
525,1,FALSE,1162,Gina Cuomo-Dannenburg,Risk factors,No,No,NA,NA,NA,NA,NA,NA,NA,NA,NA,NA,NA,NA,NA,NA,NA,NA,NA,NA,NA,NA,NA,NA,NA,NA,NA,NA,NA,NA,NA,NA,NA,NA,NA,NA,NA,NA,NA,NA,NA,NA,NA,NA,NA,NA,NA,NA,NA,NA,NA,NA,NA,NA,NA,NA,NA,NA,Severe disease,"Age,Occupation",Livestock and animal herders,Significant,Adjusted,NA,NA,NA,Both,1082,Population based,General population,1,NA,Kenya,Sabenale; Matarba; Gedilun; Golalbele; Korhindi; Tumtish,Garissa County,Post outbreak,Rural area,Yes - as an attachment,"Variables: age, disposed of fetus, birthed livestock, sheltered livestock. Extracted as occupation > herder and age but not fully accurate",NA,08,2011,NA,11,2011,525_006,Rift Valley fever virus,1,0
525,1,FALSE,1162,Gina Cuomo-Dannenburg,Risk factors,No,No,NA,NA,NA,NA,NA,NA,NA,NA,NA,NA,NA,NA,NA,NA,NA,NA,NA,NA,NA,NA,NA,NA,NA,NA,NA,NA,NA,NA,NA,NA,NA,NA,NA,NA,NA,NA,NA,NA,NA,NA,NA,NA,NA,NA,NA,NA,NA,NA,NA,NA,NA,NA,NA,NA,NA,NA,Severe disease,Other,NA,Significant,Adjusted,NA,NA,NA,Both,1082,Population based,General population,1,NA,Kenya,Sabenale; Matarba; Gedilun; Golalbele; Korhindi; Tumtish,Garissa County,Post outbreak,Rural area,Yes - as an attachment,Other: location. The aOR for severe disease was significantly different in Tumtish.,NA,08,2011,NA,11,2011,525_007,Rift Valley fever virus,1,0
525,1,FALSE,1162,Gina Cuomo-Dannenburg,Seroprevalence - IgG,No,No,NA,NA,2,31,NA,Percentage (%),Unspecified,Unspecified,NA,NA,NA,NA,NA,NA,NA,NA,NA,NA,NA,NA,No,NA,NA,NA,NA,NA,NA,NA,NA,NA,NA,NA,NA,NA,NA,NA,NA,NA,NA,NA,NA,NA,NA,NA,NA,NA,NA,NA,NA,NA,NA,NA,164,1082,Naive,Lab confirmed,NA,NA,NA,NA,NA,Yes,No,"Age,Sex",Both,1082,Population based,General population,1,NA,Kenya,Sabenale; Matarba; Gedilun; Golalbele; Korhindi; Tumtish,Garissa County,Post outbreak,Rural area,Yes - as an attachment,1082 participants tested for RVF IgG and confirmed with neutralising assay. Disaggregated by age and sex. Note: the seroprevalence is 2% in children <=15 years and 31% in adults (>15).,NA,08,2011,NA,11,2011,525_001,Rift Valley fever virus,1,0
532,1,FALSE,1162,sangeeta,Seroprevalence - IgG,NA,NA,15,NA,NA,NA,NA,Percentage (%),Mean,Estimated parameter,NA,NA,CI95%,13,17,NA,NA,NA,NA,NA,NA,NA,NA,NA,NA,NA,NA,NA,NA,NA,NA,NA,NA,NA,NA,NA,NA,NA,NA,NA,NA,NA,NA,NA,NA,NA,NA,NA,NA,NA,NA,NA,NA,NA,164,1082,Naive,Lab confirmed,NA,NA,NA,NA,NA,Yes,No,"Age,Sex",Both,1082,Population based,General population,1,NA,Kenya,Sabenale; Matarba; Gedilun; Golalbele; Korhindi; Tumtish,Garissa County,Post outbreak,Rural area,Yes - as an attachment,1082 participants tested for RVF IgG and confirmed with neutralising assay. Disaggregated by age and sex. Note: the seroprevalence is 2% in children <=15 years and 31% in adults (>15).,NA,08,2011,NA,11,2011,532_001,Rift Valley fever virus,1,0
542,1,FALSE,1168,sangeeta,Seroprevalence - IgG,NA,NA,10.8,NA,0,25,NA,Percentage (%),Central - unspecified,Observed sample statistic,NA,NA,NA,NA,NA,NA,NA,NA,NA,NA,NA,NA,NA,NA,NA,NA,NA,NA,NA,NA,NA,NA,NA,NA,NA,NA,NA,NA,NA,NA,NA,NA,NA,NA,NA,NA,NA,NA,NA,NA,NA,NA,NA,NA,NA,NA,NA,Lab confirmed,NA,NA,NA,NA,NA,Yes,Yes,"Age,Region,Sex,Time",Both,1263,Population based,General population,NA,NA,Kenya,"Kabobo Division, Uasin Gishu District; Msambweni and Daragube villages, Kwale District; Lokichoggio area in Turkana District",district,Unspecified,Rural area,NA,NA,NA,NA,1994,NA,NA,1998,542_002,Rift Valley fever virus,1,0
546,1,FALSE,1168,Kieran Chopra,Risk factors,NA,No,NA,NA,NA,NA,NA,NA,NA,NA,NA,NA,NA,NA,NA,NA,NA,NA,NA,NA,NA,NA,NA,NA,NA,NA,NA,NA,NA,NA,NA,NA,NA,NA,NA,NA,NA,NA,NA,NA,NA,NA,NA,NA,NA,NA,NA,NA,NA,NA,NA,NA,NA,NA,NA,NA,NA,NA,Serology,"Age,Sex,Other",NA,Significant,Not adjusted,No,NA,NA,Both,NA,Mixed settings,General population,NA,NA,Kenya,"Kabobo Division, Uasin Gishu District; Msambweni and Daragube villages, Kwale District; Lokichoggio area in Turkana District",One is a division; the rest are areas within divisions,Unspecified,Rural area,Unspecified,"Location significantly associated with seroprevalence. In two of the locations studied, age category (16+ yrs vs under 15s) significantly associated with seroprevalence. In others NO AGE RISK FACTOR CONSIDERED. In one region, women have higher seroprevalence than men -- other regions did not have enough data to analyse by sex.",NA,NA,1994,NA,NA,1998,546_002,Rift Valley fever virus,1,0
546,1,FALSE,1168,Kieran Chopra,Risk factors,No,NA,NA,NA,NA,NA,No,NA,NA,NA,NA,NA,NA,NA,NA,NA,NA,NA,NA,NA,NA,NA,NA,NA,NA,NA,NA,NA,NA,NA,NA,NA,NA,NA,NA,NA,NA,NA,NA,NA,NA,NA,NA,NA,NA,NA,NA,NA,NA,NA,NA,NA,NA,NA,NA,NA,NA,NA,Serology,Other,NA,Unspecified,Not adjusted,No,NA,NA,Unspecified,various,Mixed settings,General population,NA,NA,Kenya,"Kabobo Division, Uasin Gishu District; Msambweni and Daragube villages, Kwale District; Lokichoggio area in Turkana District",One is a division; the rest are areas within divisions,Unspecified,Rural area,Unspecified,Time of sampling used as risk factor,NA,NA,1994,NA,NA,1998,546_003,Rift Valley fever virus,1,0
519,NA,FALSE,1184,Yiran Wang,Seroprevalence - IgM,No,No,NA,NA,NA,NA,No,NA,NA,Observed sample statistic,NA,NA,NA,NA,NA,NA,NA,NA,NA,NA,NA,NA,No,NA,NA,NA,NA,NA,NA,NA,NA,NA,NA,NA,NA,NA,NA,NA,NA,NA,NA,NA,NA,NA,NA,NA,NA,NA,NA,NA,NA,NA,NA,NA,214,1995,NA,NA,NA,NA,NA,NA,NA,Yes,No,Region,Unspecified,1995,Trade / business based,Other,NA,NA,Madagascar,Madagascar,country,Unspecified,Unspecified,Not available,"persons were invited to participate in the survey if they had worked in slaughterhouses within the administrative center of the district since 2007, had been exposed to fresh meat or blood of ruminants, and had been residents of the district when they started this work. Disaggregation by location in the appendix. ",27,09,2008,27,05,2009,519_001,Rift Valley fever virus,1,0
523,1,FALSE,1204,Yiran Wang,Seroprevalence - IgM,No,No,77,0,NA,NA,No,Percentage (%),Central - unspecified,Observed sample statistic,NA,NA,NA,NA,NA,NA,NA,NA,NA,NA,NA,NA,No,NA,NA,NA,NA,NA,NA,NA,NA,NA,NA,NA,NA,NA,NA,NA,NA,NA,NA,NA,NA,NA,NA,NA,NA,NA,NA,NA,NA,NA,NA,NA,27,35,Naive,Lab confirmed,NA,NA,NA,NA,NA,No,NA,NA,Both,35,Population based,Persons with symptoms,NA,NA,Egypt,Aswan Governorate,Governorate,Mid outbreak,Unspecified,Not available,NA,02,07,1993,25,07,1993,523_001,Rift Valley fever virus,1,0
526,1,FALSE,1230,Yiran Wang,Mutations - evolutionary rate,No,No,4.16,-4,NA,NA,No,Substitutions/site/year,Mean,Estimated parameter,NA,NA,Highest Posterior Density Interval 95%,2.78,5.47,NA,NA,NA,NA,NA,NA,NA,No,NA,NA,NA,NA,NA,NA,NA,NA,NA,NA,NA,NA,NA,NA,NA,NA,NA,NA,NA,NA,NA,NA,NA,NA,NA,S segment,Yes,NA,NA,NA,NA,NA,NA,NA,NA,NA,NA,NA,NA,NA,No,NA,NA,Unspecified,120,Mixed settings,Mixed groups,NA,NA,"Angola,Burkina Faso,Central African Republic,Egypt,Guinea,Kenya,Madagascar,Mauritania,Namibia,Saudi Arabia,Senegal,Somalia,South Africa,Uganda,United Republic of Tanzania,Zambia,Zimbabwe",NA,NA,Unspecified,Unspecified,Yes - on another platform,"based on nine Madagascar samples and all available RVFV whole S, M, and L segment sequences (with dates of collection) in GenBank",NA,NA,1944,NA,NA,2008,526_001,Rift Valley fever virus,1,0
526,1,FALSE,1230,Yiran Wang,Mutations - evolutionary rate,No,No,5.09,-4,NA,NA,No,Substitutions/site/year,Mean,Estimated parameter,NA,NA,Highest Posterior Density Interval 95%,3.38,6.75,NA,NA,NA,NA,NA,NA,NA,No,NA,NA,NA,NA,NA,NA,NA,NA,NA,NA,NA,NA,NA,NA,NA,NA,NA,NA,NA,NA,NA,NA,NA,NA,NA,M segment,Yes,NA,NA,NA,NA,NA,NA,NA,NA,NA,NA,NA,NA,NA,No,NA,NA,Unspecified,77,Mixed settings,Mixed groups,NA,NA,"Burkina Faso,Central African Republic,Egypt,Guinea,Kenya,Madagascar,Mauritania,Saudi Arabia,South Africa,Uganda,United Republic of Tanzania,Zimbabwe",NA,NA,Unspecified,Unspecified,Yes - on another platform,NA,NA,NA,1944,NA,NA,2008,526_002,Rift Valley fever virus,1,0
526,1,FALSE,1230,Yiran Wang,Mutations - evolutionary rate,No,No,4.33,-4,NA,NA,No,Substitutions/site/year,Mean,Estimated parameter,NA,NA,Highest Posterior Density Interval 95%,2.73,5.98,NA,NA,NA,NA,NA,NA,NA,No,NA,NA,NA,NA,NA,NA,NA,NA,NA,NA,NA,NA,NA,NA,NA,NA,NA,NA,NA,NA,NA,NA,NA,NA,NA,L segment,Yes,NA,NA,NA,NA,NA,NA,NA,NA,NA,NA,NA,NA,NA,No,NA,NA,Unspecified,74,Mixed settings,Mixed groups,NA,NA,"Burkina Faso,Central African Republic,Egypt,Guinea,Kenya,Madagascar,Mauritania,Saudi Arabia,South Africa,Uganda,United Republic of Tanzania,Zimbabwe",NA,NA,Unspecified,Unspecified,Yes - on another platform,NA,NA,NA,1944,NA,NA,2008,526_003,Rift Valley fever virus,1,0
506,1,FALSE,1381,Kelly McCain,Seroprevalence - PRNT,No,No,84.6,NA,60,100,No,Percentage (%),Central - unspecified,Observed sample statistic,NA,NA,NA,NA,NA,NA,NA,NA,NA,NA,NA,NA,No,NA,NA,NA,NA,NA,NA,NA,NA,NA,NA,NA,NA,NA,NA,NA,NA,NA,NA,NA,NA,NA,NA,NA,NA,NA,NA,NA,NA,NA,NA,NA,390,461,Naive,Lab confirmed,NA,NA,NA,NA,NA,Yes,NA,"Age,Occupation,Region,Other",Both,461,Mixed settings,Mixed groups,NA,NA,Nigeria,Lagos; Warri; Ibadan; Ilesha; Benin; Agbor; Owerri; Auchi; Sabongida Ora; Oyo; Ogbomosho; Abuja; Sheda; Gwagwalada; New Bussa; Wawa; Kontagora; Oju; Maiduguri; Sokoto; Jos,NA,Pre outbreak,Both urban and rural areas,Not available,Range taken from Table 2 (denominator is positive HAI tests). Other disaggregation unit is vegetation zone; NT was conducted among HI positive samples,NA,NA,1985,NA,NA,1989,506_002,Rift Valley fever virus,1,0
545,1,FALSE,1381,Ruth McCabe,Seroprevalence - HAI/HI,No,No,14.8,NA,1.1,98,No,Percentage (%),Central - unspecified,Observed sample statistic,NA,NA,NA,NA,NA,NA,NA,NA,NA,NA,NA,NA,NA,NA,NA,NA,NA,NA,NA,NA,NA,NA,NA,NA,NA,NA,NA,NA,NA,NA,NA,NA,NA,NA,NA,NA,NA,NA,NA,NA,NA,NA,NA,NA,461,3121,Naive,Lab confirmed,NA,NA,NA,NA,NA,Yes,No,"Age,Occupation,Region,Other",Both,3121,Mixed settings,Mixed groups,0,NA,Nigeria,Lagos; Warri; Ibadan; Ilesha; Benin; Agbor; Owerri; Auchi; Sabongida Ora; Oyo; Ogbomosho; Abuja; Sheda; Gwagwalada; New Bussa; Wawa; Kontagora; Oju; Maiduguri; Sokoto; Jos,NA,Pre outbreak,Both urban and rural areas,Not available,Disaggregation taken from values provided across Tables 1 - 3. Disaggregation also by vegetational zone ('other').  Location type is not specified explicitly,NA,NA,1985,NA,NA,1989,545_001,Rift Valley fever virus,1,0
545,1,FALSE,1381,Ruth McCabe,Seroprevalence - PRNT,No,No,12.5,0,1.1,92.2,No,Percentage (%),Central - unspecified,Observed sample statistic,NA,NA,NA,NA,NA,NA,NA,NA,NA,NA,NA,NA,NA,NA,NA,NA,NA,NA,NA,NA,NA,NA,NA,NA,NA,NA,NA,NA,NA,NA,NA,NA,NA,NA,NA,NA,NA,NA,NA,NA,NA,NA,NA,NA,390,3121,Naive,Lab confirmed,NA,NA,NA,NA,NA,Yes,No,"Age,Occupation,Region,Other",Both,3121,Mixed settings,Mixed groups,0,NA,Nigeria,Lagos; Warri; Ibadan; Ilesha; Benin; Agbor; Owerri; Auchi; Sabongida Ora; Oyo; Ogbomosho; Abuja; Sheda; Gwagwalada; New Bussa; Wawa; Kontagora; Oju; Maiduguri; Sokoto; Jos,NA,Pre outbreak,Both urban and rural areas,Not available,Range not taken from Table 2 as the denominator is different (e.g. out of positive HAI tests) rather than the full sample. The range would be broadly the same in any case but this way is comparable.,NA,NA,1985,NA,NA,1989,545_002,Rift Valley fever virus,1,0
545,1,FALSE,1381,Ruth McCabe,Seroprevalence - IgM,No,No,23.2,0,9.1,44.1,No,Percentage (%),Central - unspecified,Observed sample statistic,NA,NA,NA,NA,NA,NA,NA,NA,NA,NA,NA,NA,No,NA,NA,NA,NA,NA,NA,NA,NA,NA,NA,NA,NA,NA,NA,NA,NA,NA,NA,NA,NA,NA,NA,NA,NA,NA,NA,NA,NA,NA,NA,NA,107,461,Naive,Lab confirmed,NA,NA,NA,NA,NA,Yes,No,"Age,Occupation,Region,Other",Both,461,Mixed settings,Mixed groups,0,NA,Nigeria,Lagos; Warri; Ibadan; Ilesha; Benin; Agbor; Owerri; Auchi; Sabongida Ora; Oyo; Ogbomosho; Abuja; Sheda; Gwagwalada; New Bussa; Wawa; Kontagora; Oju; Maiduguri; Sokoto; Jos,NA,Pre outbreak,Both urban and rural areas,Not available,Range taken from Table 2 only as this is where the overall value can be found. Range lower bound would change if included Table 3 (different denominator). Setting is people who have tested positive by HAI. Other disaggregation unit is vegetation zone; text states that IgM tests conducted only in samples positive for HI and PRNT but the sample size and percent aligns with samples testing positive for only HI,NA,NA,1985,NA,NA,1989,545_003,Rift Valley fever virus,1,0
545,1,FALSE,1381,Ruth McCabe,Risk factors,No,No,NA,NA,NA,NA,NA,NA,NA,NA,NA,NA,NA,NA,NA,NA,NA,NA,NA,NA,NA,NA,NA,NA,NA,NA,NA,NA,NA,NA,NA,NA,NA,NA,NA,NA,NA,NA,NA,NA,NA,NA,NA,NA,NA,NA,NA,NA,NA,NA,NA,NA,NA,NA,NA,NA,NA,NA,Serology,"Sex,Other",NA,Not significant,Not adjusted,No,NA,NA,Both,3121,Mixed settings,Mixed groups,0,NA,Nigeria,Lagos; Warri; Ibadan; Ilesha; Benin; Agbor; Owerri; Auchi; Sabongida Ora; Oyo; Ogbomosho; Abuja; Sheda; Gwagwalada; New Bussa; Wawa; Kontagora; Oju; Maiduguri; Sokoto; Jos,NA,Pre outbreak,Both urban and rural areas,Not available,'Other' riskfactors - vegetational zones,NA,NA,1985,NA,NA,1989,545_004,Rift Valley fever virus,1,0
545,1,FALSE,1381,Ruth McCabe,Risk factors,No,No,NA,NA,NA,NA,NA,NA,NA,NA,NA,NA,NA,NA,NA,NA,NA,NA,NA,NA,NA,NA,NA,NA,NA,NA,NA,NA,NA,NA,NA,NA,NA,NA,NA,NA,NA,NA,NA,NA,NA,NA,NA,NA,NA,NA,NA,NA,NA,NA,NA,NA,NA,NA,NA,NA,NA,NA,Serology,Occupation,Livestock and animal herders,Significant,Not adjusted,Yes,Yes,"Occupation,Region",Both,3121,Mixed settings,Mixed groups,0,NA,Nigeria,Lagos; Warri; Ibadan; Ilesha; Benin; Agbor; Owerri; Auchi; Sabongida Ora; Oyo; Ogbomosho; Abuja; Sheda; Gwagwalada; New Bussa; Wawa; Kontagora; Oju; Maiduguri; Sokoto; Jos,NA,Pre outbreak,Both urban and rural areas,Not available,3 different statements on significantly higher prevalence among different occupation groups in different locations.,NA,NA,1985,NA,NA,1989,545_005,Rift Valley fever virus,1,0
545,1,FALSE,1381,Ruth McCabe,Seroprevalence - HAI/HI,No,No,6.7,0,NA,NA,No,Percentage (%),Central - unspecified,Observed sample statistic,NA,NA,NA,NA,NA,NA,NA,NA,NA,NA,NA,NA,NA,NA,NA,NA,NA,NA,NA,NA,NA,NA,NA,NA,NA,NA,NA,NA,NA,NA,NA,NA,NA,NA,NA,NA,NA,NA,NA,NA,NA,NA,NA,NA,11,164,Naive,Lab confirmed,NA,NA,NA,NA,NA,Yes,No,NA,Unspecified,164,Hospital based,Children,0.5,10,Nigeria,University College Hospital; Ibadan,NA,Unspecified,Unspecified,Not available,"The haemagglutination-inhibition test was performed on a total of 164 paired sera, obtained from children showing fever and aged between six months and ten years at the University College Hospital in Ibadan. Eleven children (6.7%) gave positive results.'.  Children showing fever at the hospital had blood samples drawn twice within 3 weeks; seroconversion also measured",NA,NA,1988,NA,NA,1988,545_006,Rift Valley fever virus,1,0
498,1,FALSE,1389,Ruth McCabe,Seroprevalence - IgM,No,No,0,NA,NA,NA,No,Percentage (%),Central - unspecified,Observed sample statistic,NA,NA,NA,NA,NA,NA,NA,NA,NA,NA,NA,NA,No,NA,NA,NA,NA,NA,NA,NA,NA,NA,NA,NA,NA,NA,NA,NA,NA,NA,NA,NA,NA,NA,NA,NA,NA,NA,NA,NA,NA,NA,NA,NA,0,199,Naive,Lab confirmed,NA,NA,NA,NA,NA,No,NA,"Age,Occupation,Sex",Both,199,Community based,Mixed groups,14,84,United Republic of Tanzania,Tanga Municipality; Tanga Region,'regional district',Unspecified,Urban area,Unspecified,'none had IgM antibodies.',NA,NA,2004,NA,NA,2004,498_001,Rift Valley fever virus,1,0
498,1,FALSE,1389,Ruth McCabe,Seroprevalence - IgG,No,No,4.02,0,0,9.5,No,Percentage (%),Central - unspecified,Observed sample statistic,NA,NA,NA,NA,NA,NA,NA,NA,NA,NA,NA,NA,No,NA,NA,NA,NA,NA,NA,NA,NA,NA,NA,NA,NA,NA,NA,NA,NA,NA,NA,NA,NA,NA,NA,NA,NA,NA,NA,NA,NA,NA,NA,NA,8,199,Naive,Lab confirmed,NA,NA,NA,NA,NA,Yes,No,"Age,Occupation,Sex",Both,199,Community based,Mixed groups,14,84,United Republic of Tanzania,Tanga Municipality; Tanga Region,'regional district',Unspecified,Urban area,Unspecified,Values from Table 1.,NA,NA,2004,NA,NA,2004,498_002,Rift Valley fever virus,1,0
498,1,FALSE,1389,Ruth McCabe,Risk factors,No,NA,NA,NA,NA,NA,No,NA,NA,NA,NA,NA,NA,NA,NA,NA,NA,NA,NA,NA,NA,NA,NA,NA,NA,NA,NA,NA,NA,NA,NA,NA,NA,NA,NA,NA,NA,NA,NA,NA,NA,NA,NA,NA,NA,NA,NA,NA,NA,NA,NA,NA,NA,NA,NA,NA,NA,NA,Serology,"Occupation,Sex",Other,Not significant,Not adjusted,Yes,Yes,"Occupation,Sex",Both,199,Community based,Mixed groups,14,84,United Republic of Tanzania,Tanga Municipality; Tanga Region,'regional district',Unspecified,Urban area,Unspecified,"'The seroprevalence of anti-RVF virus immunoglobulin (IgG) antibody was higher in men than in women; however, no significant statistical difference was present (p = 0.34).' 'Among the occupational groups examined, the seroprevalence was 7.3%, 1.5%, and 9.5% in the abattoir workers, livestock keepers, and others categories, respectively (Table 1), although no statistical difference was found among various occupational groups (p = 0.086).'",NA,NA,2004,NA,NA,2004,498_003,Rift Valley fever virus,1,0
535,1,FALSE,1424,Joseph Hicks,Risk factors,No,No,NA,NA,NA,NA,NA,NA,NA,NA,NA,NA,NA,NA,NA,NA,NA,NA,NA,NA,NA,NA,NA,NA,NA,NA,NA,NA,NA,NA,NA,NA,NA,NA,NA,NA,NA,NA,NA,NA,NA,NA,NA,NA,NA,NA,NA,NA,NA,NA,NA,NA,NA,NA,NA,NA,NA,NA,Infection,"Contact with animal,Occupation,Sex,Other",Livestock and animal herders,Not significant,Not adjusted,Yes,No,"Occupation,Sex,Other",Both,169,Hospital based,General population,NA,NA,Mauritania,Rosso,town,Post outbreak,Unspecified,Not available,"case-control study;risk factors: ethnicity, sex, occupation, animal ownership",NA,NA,1987,NA,NA,xxxx,535_001,Rift Valley fever virus,1,0
535,1,FALSE,1424,Joseph Hicks,Risk factors,No,No,NA,NA,NA,NA,NA,NA,NA,NA,NA,NA,NA,NA,NA,NA,NA,NA,NA,NA,NA,NA,NA,NA,NA,NA,NA,NA,NA,NA,NA,NA,NA,NA,NA,NA,NA,NA,NA,NA,NA,NA,NA,NA,NA,NA,NA,NA,NA,NA,NA,NA,NA,NA,NA,NA,NA,NA,Infection,Consumption of animal product,NA,Significant,Not adjusted,No,NA,NA,Both,169,Hospital based,General population,NA,NA,Mauritania,Rosso,town,Post outbreak,Unspecified,Not available,case-control study,NA,NA,1987,NA,NA,xxxx,535_002,Rift Valley fever virus,1,0
547,1,FALSE,1424,Kieran Chopra,Risk factors,No,No,NA,NA,NA,NA,NA,NA,NA,NA,NA,NA,NA,NA,NA,NA,NA,NA,NA,NA,NA,NA,NA,NA,NA,NA,NA,NA,NA,NA,NA,NA,NA,NA,NA,NA,NA,NA,NA,NA,NA,NA,NA,NA,NA,NA,NA,NA,NA,NA,NA,NA,NA,NA,NA,NA,NA,NA,Infection,Other,NA,Significant,Not adjusted,No,NA,NA,Unspecified,659,Community based,General population,NA,NA,Mauritania,"Various villages surrounding Rosso, Mauritania",Villages,NA,Rural area,Not available,"risk factors: ethnicity, and within one ethnic group, location.",NA,NA,1987,NA,NA,xxxx,547_002,Rift Valley fever virus,1,0
535,1,FALSE,1424,Joseph Hicks,Seroprevalence - IgM,No,No,NA,NA,1.11,17.5,No,Percentage (%),Central - unspecified,Observed sample statistic,NA,NA,NA,NA,NA,NA,NA,NA,NA,NA,NA,NA,No,NA,NA,NA,NA,NA,NA,NA,NA,NA,NA,NA,NA,NA,NA,NA,NA,NA,NA,NA,NA,NA,NA,NA,NA,NA,NA,NA,NA,NA,NA,NA,NA,659,Naive,Lab confirmed,NA,NA,NA,NA,NA,Yes,Yes,Region,Unspecified,659,Household based,General population,NA,NA,Mauritania,12 villages around Rosso,NA,Post outbreak,Unspecified,Not available,"Time: starting during 1987 outbreak, and continuing for some time after. One of three separate sero studies in this paper",NA,NA,NA,NA,NA,NA,535_003,Rift Valley fever virus,1,0
535,1,FALSE,1424,Joseph Hicks,Seroprevalence - IgG,No,No,NA,NA,14.44,39.29,No,Percentage (%),Central - unspecified,Observed sample statistic,NA,NA,NA,NA,NA,NA,NA,NA,NA,NA,NA,NA,No,NA,NA,NA,NA,NA,NA,NA,NA,NA,NA,NA,NA,NA,NA,NA,NA,NA,NA,NA,NA,NA,NA,NA,NA,NA,NA,NA,NA,NA,NA,NA,NA,659,Naive,Lab confirmed,NA,NA,NA,NA,NA,Yes,Yes,Region,Unspecified,659,Household based,General population,NA,NA,Mauritania,12 villages around Rosso,NA,Post outbreak,Unspecified,Not available,IgG for the villages around Rosso study,NA,NA,NA,NA,NA,NA,535_004,Rift Valley fever virus,1,0
481,1,FALSE,1464,Richard Sheppard,Seroprevalence - IgM,No,No,2,NA,0,10,No,Percentage (%),NA,Observed sample statistic,NA,NA,NA,NA,NA,NA,NA,NA,NA,NA,NA,NA,NA,NA,NA,NA,NA,NA,NA,NA,NA,NA,NA,NA,NA,NA,NA,NA,NA,NA,NA,NA,NA,NA,NA,NA,NA,NA,NA,NA,NA,NA,NA,NA,24,1181,Naive,Lab confirmed,NA,NA,NA,NA,NA,Yes,No,"Occupation,Region",Both,1181,Trade / business based,Abattoir workers,10,72,Egypt,Slaughterhouses from 15 governorates in the Nile delta region of Egypt,Slaughterhouses within governorates,NA,Unspecified,Unspecified,"The study was after an outbreak in upper Egypt, but the samples came from the Nile delta region of the country.",NA,11,1993,NA,11,1993,481_001,Rift Valley fever virus,1,0
481,1,FALSE,1464,Richard Sheppard,Risk factors,No,No,NA,NA,NA,NA,NA,NA,NA,NA,NA,NA,NA,NA,NA,NA,NA,NA,NA,NA,NA,NA,NA,NA,NA,NA,NA,NA,NA,NA,NA,NA,NA,NA,NA,NA,NA,NA,NA,NA,NA,NA,NA,NA,NA,NA,NA,NA,NA,NA,NA,NA,NA,NA,NA,NA,NA,NA,Serology,"Contact with animal,Occupation",Abattoir services,Significant,Not adjusted,No,NA,NA,Both,1181,Trade / business based,Abattoir workers,10,72,Egypt,Slaughterhouses from 15 governorates in the Nile delta region of Egypt,Slaughterhouses within governorates,NA,Unspecified,Unspecified,Significant were 'cut animals' throats' and 'handled animal parts',NA,11,1993,NA,11,1993,481_002,Rift Valley fever virus,1,0
481,1,FALSE,1464,Richard Sheppard,Risk factors,No,NA,NA,NA,NA,NA,No,NA,NA,NA,NA,NA,NA,NA,NA,NA,NA,NA,NA,NA,NA,NA,NA,NA,NA,NA,NA,NA,NA,NA,NA,NA,NA,NA,NA,NA,NA,NA,NA,NA,NA,NA,NA,NA,NA,NA,NA,NA,NA,NA,NA,NA,NA,NA,NA,NA,NA,NA,Serology,"Age,Contact with animal,Occupation",Abattoir services,Not significant,Not adjusted,No,NA,NA,Both,1181,Trade / business based,Abattoir workers,10,72,Egypt,Slaughterhouses from 15 governorates in the Nile delta region of Egypt,Slaughterhouses within governorates,NA,Unspecified,Unspecified,Non significant were 'skinned animals'; 'butchered carcasses'; 'cleaned up'. No 'administrative' were seropositive.,NA,11,1993,NA,11,1993,481_003,Rift Valley fever virus,1,0
533,1,FALSE,1496,Joseph Hicks,Severity - case fatality ratio (CFR),No,No,8,0,0,10,No,Percentage (%),Central - unspecified,Observed sample statistic,NA,NA,NA,NA,NA,NA,NA,NA,NA,NA,NA,NA,No,NA,NA,NA,NA,NA,NA,NA,NA,NA,NA,NA,NA,NA,NA,NA,NA,NA,NA,NA,NA,NA,NA,NA,NA,NA,NA,NA,NA,NA,NA,NA,25,302,Naive,Lab confirmed,NA,NA,NA,NA,NA,Yes,No,Time,Both,302,Population based,Persons under investigation,1,86,South Africa,Free State; Northern Cape; Eastern Cape; Western Cape; Gauteng; North West; Mpumalanga; KwaZulu-Natal; Limpopo,Province,Mid outbreak,Unspecified,Not available,NA,NA,NA,2008,21,05,2011,533_001,Rift Valley fever virus,1,0
473,1,FALSE,666,Christian Morgenstern,Risk factors,No,No,NA,NA,NA,NA,NA,NA,NA,NA,NA,NA,NA,NA,NA,NA,NA,NA,NA,NA,NA,NA,NA,NA,NA,NA,NA,NA,NA,NA,NA,NA,NA,NA,NA,NA,NA,NA,NA,NA,NA,NA,NA,NA,NA,NA,NA,NA,NA,NA,NA,NA,NA,NA,NA,NA,NA,NA,Serology,"Contact with animal,Comorbidity,Other",NA,Significant,Not adjusted,No,NA,NA,Both,350,Mixed settings,Mixed groups,18,NA,Saudi Arabia,"Abu Arish, Al Aridah, Al Aydabi, Baish, Dhamad, Jazan, Sabya, Samtah",Governorates,Post outbreak,Unspecified,Not available,"Risk factors: History of contact with cattle, History of chronic medical probelems, Sheltered livestock in home, cared for birthing animal, disposed of and aborted animal fetus, cared for sick animal, handled an animal carcass, history of poor vision. Only 1 female in study cohort",NA,07,2012,NA,NA,2012,473_001,Rift Valley fever virus,1,0
473,1,FALSE,666,Christian Morgenstern,Risk factors,No,No,NA,NA,NA,NA,NA,NA,NA,NA,NA,NA,NA,NA,NA,NA,NA,NA,NA,NA,NA,NA,NA,NA,NA,NA,NA,NA,NA,NA,NA,NA,NA,NA,NA,NA,NA,NA,NA,NA,NA,NA,NA,NA,NA,NA,NA,NA,NA,NA,NA,NA,NA,NA,NA,NA,NA,NA,Serology,"Contact with animal,Comorbidity",NA,Significant,Adjusted,NA,NA,NA,Both,350,Mixed settings,Mixed groups,18,NA,Saudi Arabia,"Abu Arish, Al Aridah, Al Aydabi, Baish, Dhamad, Jazan, Sabya, Samtah",Governorates,Post outbreak,Unspecified,Not available,"risk factors - history of contact with cattle, history of chronic medical problems",NA,07,2012,NA,NA,2012,473_002,Rift Valley fever virus,1,0
473,1,FALSE,666,Christian Morgenstern,Seroprevalence - IgG,No,No,11.1,NA,NA,NA,No,Percentage (%),Mean,Observed sample statistic,NA,NA,NA,NA,NA,NA,NA,NA,NA,NA,NA,NA,No,NA,NA,NA,NA,NA,NA,NA,NA,NA,NA,NA,NA,NA,NA,NA,NA,NA,NA,NA,NA,NA,NA,NA,NA,NA,NA,NA,NA,NA,NA,NA,39,350,Naive,Lab confirmed,NA,NA,NA,NA,NA,No,NA,NA,Both,350,Mixed settings,Mixed groups,18,NA,Saudi Arabia,"Abu Arish, Al Aridah, Al Aydabi, Baish, Dhamad, Jazan, Sabya, Samtah",Governorates,Post outbreak,Unspecified,Not available,NA,NA,07,2012,NA,NA,2012,473_003,Rift Valley fever virus,1,0
473,1,FALSE,666,Christian Morgenstern,Seroprevalence - PRNT,No,No,41,NA,NA,NA,No,Percentage (%),Mean,Observed sample statistic,NA,NA,NA,NA,NA,NA,NA,NA,NA,NA,NA,NA,No,NA,NA,NA,NA,NA,NA,NA,NA,NA,NA,NA,NA,NA,NA,NA,NA,NA,NA,NA,NA,NA,NA,NA,NA,NA,NA,NA,NA,NA,NA,NA,16,39,Adjusted,Lab confirmed,NA,NA,NA,NA,NA,No,NA,NA,Both,350,Mixed settings,Mixed groups,NA,NA,Saudi Arabia,"Abu Arish, Al Aridah, Al Aydabi, Baish, Dhamad, Jazan, Sabya, Samtah",Governorates,Post outbreak,Unspecified,Not available,NA,NA,07,2012,NA,NA,2012,473_004,Rift Valley fever virus,1,0
473,1,FALSE,666,Christian Morgenstern,Seroprevalence - IgM,No,No,NA,NA,NA,NA,No,NA,NA,Observed sample statistic,NA,NA,NA,NA,NA,NA,NA,NA,NA,NA,NA,NA,No,NA,NA,NA,NA,NA,NA,NA,NA,NA,NA,NA,NA,NA,NA,NA,NA,NA,NA,NA,NA,NA,NA,NA,NA,NA,NA,NA,NA,NA,NA,NA,1,16,Adjusted,Lab confirmed,NA,NA,NA,NA,NA,No,NA,NA,Both,350,Mixed settings,Mixed groups,NA,NA,Saudi Arabia,"Abu Arish, Al Aridah, Al Aydabi, Baish, Dhamad, Jazan, Sabya, Samtah",Governorates,Post outbreak,Unspecified,Not available,NA,NA,07,2012,NA,NA,2012,473_005,Rift Valley fever virus,1,0
555,1,FALSE,906,Rhys Earl,Seroprevalence - IgM,No,No,0,NA,NA,NA,NA,Percentage (%),Central - unspecified,Observed sample statistic,NA,NA,NA,NA,NA,NA,NA,NA,NA,NA,NA,NA,NA,NA,NA,NA,NA,NA,NA,NA,NA,NA,NA,NA,NA,NA,NA,NA,NA,NA,NA,NA,NA,NA,NA,NA,NA,NA,NA,NA,NA,NA,NA,NA,0,335,Naive,Lab confirmed,NA,NA,NA,NA,NA,No,NA,NA,Both,335,Trade / business based,Animal workers,NA,NA,Central African Republic,Bangui,province,Unspecified,Unspecified,Unspecified,"Blood samples were also collected from people at risk, such as stock breeders and people working in slaughterhouses and livestock markets",00,11,2010,00,11,2012,555_001,Rift Valley fever virus,1,0
555,1,FALSE,906,Rhys Earl,Seroprevalence - IgG,No,No,16.7,NA,0,23.9,NA,Percentage (%),Central - unspecified,Observed sample statistic,NA,NA,NA,NA,NA,NA,NA,NA,NA,NA,NA,NA,NA,NA,NA,NA,NA,NA,NA,NA,NA,NA,NA,NA,NA,NA,NA,NA,NA,NA,NA,NA,NA,NA,NA,NA,NA,NA,NA,NA,NA,NA,NA,NA,56,335,NA,Lab confirmed,NA,NA,NA,NA,NA,NA,NA,"Age,Occupation,Sex",Both,335,Trade / business based,Animal workers,NA,NA,Central African Republic,Bangui,province,Unspecified,Unspecified,Unspecified,"Blood samples were also collected from people at risk, such as stock breeders and people working in slaughterhouses and livestock",00,11,2010,00,11,2012,555_002,Rift Valley fever virus,1,0
555,1,FALSE,906,Rhys Earl,Risk factors,No,NA,NA,NA,NA,NA,No,NA,NA,NA,NA,NA,NA,NA,NA,NA,NA,NA,NA,NA,NA,NA,NA,NA,NA,NA,NA,NA,NA,NA,NA,NA,NA,NA,NA,NA,NA,NA,NA,NA,NA,NA,NA,NA,NA,NA,NA,NA,NA,NA,NA,NA,NA,NA,NA,NA,NA,NA,Serology,"Occupation,Sex",Livestock and animal herders,Not significant,Not adjusted,Yes,No,NA,Both,335,Trade / business based,Animal workers,NA,NA,Central African Republic,Bangui,province,Unspecified,Unspecified,Unspecified,"Trade - Veterinarian, Slaughterhouse worker, Butcher, Breeder",00,11,2010,00,11,2012,555_003,Rift Valley fever virus,1,0
555,1,FALSE,906,Rhys Earl,Risk factors,No,No,NA,NA,NA,NA,NA,NA,NA,NA,NA,NA,NA,NA,NA,NA,NA,NA,NA,NA,NA,NA,NA,NA,NA,NA,NA,NA,NA,NA,NA,NA,NA,NA,NA,NA,NA,NA,NA,NA,NA,NA,NA,NA,NA,NA,NA,NA,NA,NA,NA,NA,NA,NA,NA,NA,NA,NA,Serology,Age,NA,Significant,Not adjusted,Yes,No,NA,Both,335,Trade / business based,Animal workers,NA,NA,Central African Republic,Bangui,province,Unspecified,Unspecified,Unspecified,"Age categories <15, 15-24, 25-34, 35-44",00,11,2010,00,11,2012,555_004,Rift Valley fever virus,1,0
509,1,FALSE,1397,Anna Vicco,Seroprevalence - HAI/HI,No,No,3,NA,NA,NA,No,Percentage (%),Central - unspecified,Observed sample statistic,NA,NA,NA,NA,NA,NA,NA,NA,NA,NA,NA,NA,NA,NA,NA,NA,NA,NA,NA,NA,NA,NA,NA,NA,NA,NA,NA,NA,NA,NA,NA,NA,NA,NA,NA,NA,NA,NA,NA,NA,NA,NA,NA,NA,6,197,Naive,Lab confirmed,NA,NA,NA,NA,NA,NA,NA,NA,Both,197,Other,Other,NA,NA,Egypt,El Arish Wasi (northen Sinai),region,Post outbreak,NA,NA,testing Israeli soldiers serving in the region,NA,06,1980,NA,07,1980,509_001,Rift Valley fever virus,1,0
497,1,FALSE,10,Alba Halliday,Seroprevalence - IgG,No,No,0.72,NA,0,3.02,No,Percentage (%),Unspecified,Observed sample statistic,NA,NA,NA,NA,NA,NA,NA,NA,NA,NA,NA,NA,No,NA,NA,NA,NA,NA,NA,NA,NA,NA,NA,NA,NA,NA,NA,NA,NA,NA,NA,NA,NA,NA,NA,NA,NA,NA,NA,NA,NA,NA,NA,NA,8,1141,Naive,Lab confirmed,NA,NA,NA,NA,NA,Yes,No,Region,Both,1141,Community based,General population,18,NA,Kenya,Busia; Malindi; Samburu,Districts,Unspecified,Rural area,NA,Total samples have 32 missing but location not specified; 2 villages per district; disag by age 0/461 Busia; Malindi 1/442 ; Samburu 7/238,NA,07,2004,NA,09,2004,497_001,Rift Valley fever virus,1,0
558,1,FALSE,10,Anna-Maria Hartner,Risk factors,No,No,NA,NA,NA,NA,NA,NA,NA,NA,NA,NA,NA,NA,NA,NA,NA,NA,NA,NA,NA,NA,NA,NA,NA,NA,NA,NA,NA,NA,NA,NA,NA,NA,NA,NA,NA,NA,NA,NA,NA,NA,NA,NA,NA,NA,NA,NA,NA,NA,NA,NA,NA,NA,NA,NA,NA,NA,Serology,"Age,Occupation,Sex,Other",Other,Not significant,Not adjusted,No,NA,NA,Both,1141,Community based,General population,18,NA,Kenya,"Busia , Malindi, Samburu",District,Unspecified,Rural area,Not available,2-way fisher exact test; no significance for sex/age/occupation/literacy/roofing material,NA,07,2024,NA,09,2024,558_004,Rift Valley fever virus,1,0
558,1,FALSE,10,Anna-Maria Hartner,Risk factors,No,No,NA,NA,NA,NA,NA,NA,NA,NA,NA,NA,NA,NA,NA,NA,NA,NA,NA,NA,NA,NA,NA,NA,NA,NA,NA,NA,NA,NA,NA,NA,NA,NA,NA,NA,NA,NA,NA,NA,NA,NA,NA,NA,NA,NA,NA,NA,NA,NA,NA,NA,NA,NA,NA,NA,NA,NA,Serology,Other,NA,Significant,Not adjusted,No,NA,NA,Both,1141,Community based,General population,18,NA,Kenya,"Busia , Malindi, Samburu",District,Unspecified,Rural area,Not available,2-way fisher exact test; no significance for sex/age/occupation/literacy/roofing material,NA,07,2024,NA,09,2024,558_005,Rift Valley fever virus,1,0
514,1,FALSE,741,Joseph Hicks,Seroprevalence - IgG,No,No,15,0,5,33,No,Percentage (%),Central - unspecified,Observed sample statistic,NA,NA,NA,NA,NA,NA,NA,NA,NA,NA,NA,NA,No,NA,NA,NA,NA,NA,NA,NA,NA,NA,NA,NA,NA,NA,NA,NA,NA,NA,NA,NA,NA,NA,NA,NA,NA,NA,NA,NA,NA,NA,NA,NA,31,202,Naive,Lab confirmed,NA,NA,NA,NA,NA,Yes,No,"Age,Region,Sex,Other",Both,202,Mixed settings,General population,NA,NA,Kenya,Garissa District,District,End outbreak,Unspecified,Not available,NA,08,02,1998,14,02,1998,514_001,Rift Valley fever virus,1,0
514,1,FALSE,741,Joseph Hicks,Seroprevalence - IgG,No,No,23,0,NA,NA,No,Percentage (%),Central - unspecified,Estimated parameter,NA,NA,CI95%,20,26,NA,NA,NA,NA,NA,NA,NA,No,NA,NA,NA,NA,NA,NA,NA,NA,NA,NA,NA,NA,NA,NA,NA,NA,NA,NA,NA,NA,NA,NA,NA,NA,NA,NA,NA,NA,NA,NA,NA,31,202,Adjusted,Lab confirmed,NA,NA,NA,NA,NA,No,NA,NA,Both,202,Mixed settings,General population,NA,NA,Kenya,Garissa District,District,End outbreak,Unspecified,Not available,NA,08,02,1998,14,02,1998,514_004,Rift Valley fever virus,1,0
559,1,FALSE,741,Anna-Maria Hartner,Seroprevalence - IgG,No,No,NA,NA,NA,NA,NA,NA,Central - unspecified,Observed sample statistic,NA,NA,NA,NA,NA,NA,NA,NA,NA,NA,NA,NA,NA,NA,NA,NA,NA,NA,NA,NA,NA,NA,NA,NA,NA,NA,NA,NA,NA,NA,NA,NA,NA,NA,NA,NA,NA,NA,NA,NA,NA,NA,NA,NA,6,10,Naive,Suspected,NA,NA,NA,NA,NA,No,NA,NA,Both,10,Mixed settings,Persons under investigation,NA,NA,Kenya,Garissa,District,Mid outbreak,Unspecified,NA,NA,xx,10,1997,8,02,1998,559_002,Rift Valley fever virus,1,0
514,1,FALSE,741,Joseph Hicks,Seroprevalence - IgM,No,No,14,0,NA,NA,No,Percentage (%),Central - unspecified,Estimated parameter,NA,NA,CI95%,11,16,NA,NA,NA,NA,NA,NA,NA,No,NA,NA,NA,NA,NA,NA,NA,NA,NA,NA,NA,NA,NA,NA,NA,NA,NA,NA,NA,NA,NA,NA,NA,NA,NA,NA,NA,NA,NA,NA,NA,31,171,Adjusted,Lab confirmed,NA,NA,NA,NA,NA,No,NA,NA,Both,171,Mixed settings,General population,NA,NA,Kenya,Garissa District,District,End outbreak,Unspecified,Not available,NA,08,02,1998,14,02,1998,514_002,Rift Valley fever virus,1,0
559,1,FALSE,741,Anna-Maria Hartner,Seroprevalence - IgM,No,No,NA,NA,NA,NA,No,NA,NA,NA,NA,NA,NA,NA,NA,NA,NA,NA,NA,NA,NA,NA,NA,NA,NA,NA,NA,NA,NA,NA,NA,NA,NA,NA,NA,NA,NA,NA,NA,NA,NA,NA,NA,NA,NA,NA,NA,NA,NA,NA,NA,NA,NA,NA,9,10,Naive,Suspected,NA,NA,NA,NA,NA,No,NA,NA,Both,10,Mixed settings,Persons under investigation,NA,NA,Kenya,Garissa,District,Mid outbreak,Unspecified,NA,NA,xx,10,1997,8,02,1998,559_001,Rift Valley fever virus,1,0
514,1,FALSE,741,Joseph Hicks,Seroprevalence - IgM,No,No,18,0,5,33,No,Percentage (%),Central - unspecified,Observed sample statistic,NA,NA,NA,NA,NA,NA,NA,NA,NA,NA,NA,NA,No,NA,NA,NA,NA,NA,NA,NA,NA,NA,NA,NA,NA,NA,NA,NA,NA,NA,NA,NA,NA,NA,NA,NA,NA,NA,NA,NA,NA,NA,NA,NA,31,171,Naive,Lab confirmed,NA,NA,NA,NA,NA,Yes,No,"Age,Sex,Other",Both,171,Mixed settings,Other,NA,NA,Kenya,Garissa District,District,End outbreak,Unspecified,Not available,Susceptible population,08,02,1998,14,02,1998,514_003,Rift Valley fever virus,1,0
514,1,FALSE,741,Joseph Hicks,Risk factors,No,No,NA,NA,NA,NA,NA,NA,NA,NA,NA,NA,NA,NA,NA,NA,NA,NA,NA,NA,NA,NA,NA,NA,NA,NA,NA,NA,NA,NA,NA,NA,NA,NA,NA,NA,NA,NA,NA,NA,NA,NA,NA,NA,NA,NA,NA,NA,NA,NA,NA,NA,NA,NA,NA,NA,NA,NA,Infection,"Age,Contact with animal,Consumption of animal product,Other",NA,Significant,Not adjusted,No,NA,NA,Both,171,Mixed settings,Other,NA,NA,Kenya,Garissa District,District,End outbreak,Unspecified,Not available,Susceptible population,08,02,1998,14,02,1998,514_005,Rift Valley fever virus,1,0
514,1,FALSE,741,Joseph Hicks,Risk factors,No,No,NA,NA,NA,NA,NA,NA,NA,NA,NA,NA,NA,NA,NA,NA,NA,NA,NA,NA,NA,NA,NA,NA,NA,NA,NA,NA,NA,NA,NA,NA,NA,NA,NA,NA,NA,NA,NA,NA,NA,NA,NA,NA,NA,NA,NA,NA,NA,NA,NA,NA,NA,NA,NA,NA,NA,NA,Infection,"Close contact,Camel Contact,Sex,Environmental,Other",NA,Not significant,Not adjusted,No,NA,NA,Both,171,Mixed settings,Other,NA,NA,Kenya,Garissa District,District,End outbreak,Unspecified,Not available,Susceptible population,08,02,1998,14,02,1998,514_006,Rift Valley fever virus,1,0
514,1,FALSE,741,Joseph Hicks,Risk factors,No,No,NA,NA,NA,NA,NA,NA,NA,NA,NA,NA,NA,NA,NA,NA,NA,NA,NA,NA,NA,NA,NA,NA,NA,NA,NA,NA,NA,NA,NA,NA,NA,NA,NA,NA,NA,NA,NA,NA,NA,NA,NA,NA,NA,NA,NA,NA,NA,NA,NA,NA,NA,NA,NA,NA,NA,NA,Infection,"Age,Contact with animal,Sex",NA,Significant,Adjusted,No,NA,NA,Both,171,Mixed settings,Other,NA,NA,Kenya,Garissa District,District,End outbreak,Unspecified,Not available,Susceptible population,08,02,1998,14,02,1998,514_007,Rift Valley fever virus,1,0
514,1,FALSE,741,Joseph Hicks,Risk factors,No,No,NA,NA,NA,NA,NA,NA,NA,NA,NA,NA,NA,NA,NA,NA,NA,NA,NA,NA,NA,NA,NA,NA,NA,NA,NA,NA,NA,NA,NA,NA,NA,NA,NA,NA,NA,NA,NA,NA,NA,NA,NA,NA,NA,NA,NA,NA,NA,NA,NA,NA,NA,NA,NA,NA,NA,NA,Infection,Consumption of animal product,NA,Not significant,Adjusted,No,NA,NA,Both,171,Mixed settings,Other,NA,NA,Kenya,Garissa District,District,End outbreak,Unspecified,Not available,Susceptible population,08,02,1998,14,02,1998,514_008,Rift Valley fever virus,1,0
514,1,FALSE,741,Joseph Hicks,Risk factors,No,No,NA,NA,NA,NA,NA,NA,NA,NA,NA,NA,NA,NA,NA,NA,NA,NA,NA,NA,NA,NA,NA,NA,NA,NA,NA,NA,NA,NA,NA,NA,NA,NA,NA,NA,NA,NA,NA,NA,NA,NA,NA,NA,NA,NA,NA,NA,NA,NA,NA,NA,NA,NA,NA,NA,NA,NA,Serology,Contact with animal,NA,Significant,Adjusted,No,NA,NA,Both,NA,Mixed settings,Other,NA,NA,Kenya,Garissa District,District,End outbreak,Unspecified,Not available,data not shown; only describe statistically significant variables in the text,08,02,1998,14,02,1998,514_009,Rift Valley fever virus,1,0
560,1,FALSE,1038,Anna-Maria Hartner,Seroprevalence - IgM,No,No,NA,NA,NA,NA,NA,NA,Unspecified,Observed sample statistic,NA,NA,NA,NA,NA,NA,NA,NA,NA,NA,NA,NA,NA,NA,NA,NA,NA,NA,NA,NA,NA,NA,NA,NA,NA,NA,NA,NA,NA,NA,NA,NA,NA,NA,NA,NA,NA,NA,NA,NA,NA,NA,NA,NA,20,288,Naive,Lab confirmed,NA,NA,NA,NA,NA,No,NA,NA,Both,288,Population based,Persons under investigation,2,86,Mauritania,Tagant; Brakna; Trarza; Assaba; and Hodh-El-Gharbi,Region,Mid outbreak,Unspecified,Unspecified,Contacts + confirmed/suspected cases,18,11,1012,29,11,2012,560_002,Rift Valley fever virus,1,0
560,1,FALSE,1038,Anna-Maria Hartner,Seroprevalence - IgG,No,No,8,NA,8,54,NA,Percentage (%),Unspecified,Observed sample statistic,NA,NA,NA,NA,NA,NA,NA,NA,NA,NA,NA,NA,NA,NA,NA,NA,NA,NA,NA,NA,NA,NA,NA,NA,NA,NA,NA,NA,NA,NA,NA,NA,NA,NA,NA,NA,NA,NA,NA,NA,NA,NA,NA,NA,24,288,Naive,Lab confirmed,NA,NA,NA,NA,NA,Yes,No,Region,Both,288,Population based,Persons under investigation,2,86,Mauritania,Tagant; Brakna; Trarza; Assaba; and Hodh-El-Gharbi,Region,Mid outbreak,Unspecified,Unspecified,Contacts + confirmed/suspected cases,18,11,1012,29,11,2012,560_005,Rift Valley fever virus,1,0
560,1,FALSE,1038,Anna-Maria Hartner,Attack rate,No,No,0.039,-3,0.001,0.39,No,NA,Unspecified,Observed sample statistic,NA,NA,NA,NA,NA,NA,NA,NA,NA,NA,NA,NA,NA,NA,NA,NA,NA,NA,NA,NA,NA,NA,NA,NA,NA,NA,NA,NA,NA,NA,NA,NA,NA,NA,NA,NA,NA,NA,NA,NA,NA,NA,NA,NA,NA,NA,NA,NA,NA,NA,NA,NA,NA,Yes,No,"Age,Region,Sex",Both,NA,Population based,Persons with symptoms,2,86,Mauritania,Tagant; Brakna; Trarza; Assaba; and Hodh-El-Gharbi,Region,Mid outbreak,Unspecified,Unspecified,What should the sample size be for Attack Rate? Cases detected (63)? Samples (288)? Total population (1630444)?,18,11,1012,29,11,2012,560_001,Rift Valley fever virus,1,0
560,1,FALSE,1038,Anna-Maria Hartner,Severity - case fatality ratio (CFR),No,No,31.7,NA,0,100,NA,Percentage (%),NA,Observed sample statistic,NA,NA,NA,NA,NA,NA,NA,NA,NA,NA,NA,NA,NA,NA,NA,NA,NA,NA,NA,NA,NA,NA,NA,NA,NA,NA,NA,NA,NA,NA,NA,NA,NA,NA,NA,NA,NA,NA,NA,NA,NA,NA,NA,NA,13,41,Naive,Lab confirmed,NA,NA,NA,NA,NA,Yes,NA,"Age,Region,Sex",Both,41,Population based,Persons under investigation,NA,NA,Mauritania,Tagant; Brakna; Trarza; Assaba; and Hodh-El-Gharbi,Region,Mid outbreak,Unspecified,Unspecified,NA,18,11,1012,29,11,2012,560_007,Rift Valley fever virus,1,0
560,1,FALSE,1038,Anna-Maria Hartner,Risk factors,No,No,NA,NA,NA,NA,NA,NA,NA,NA,NA,NA,NA,NA,NA,NA,NA,NA,NA,NA,NA,NA,NA,NA,NA,NA,NA,NA,NA,NA,NA,NA,NA,NA,NA,NA,NA,NA,NA,NA,NA,NA,NA,NA,NA,NA,NA,NA,NA,NA,NA,NA,NA,NA,NA,NA,NA,NA,Infection,Occupation,Other,Significant,Unspecified,No,NA,NA,Both,288,Population based,Persons under investigation,2,86,Mauritania,Tagant; Brakna; Trarza; Assaba; and Hodh-El-Gharbi,Region,Mid outbreak,Unspecified,Unspecified,Risk factor occupation: housewives and shepherds,18,11,1012,29,11,2012,560_006,Rift Valley fever virus,1,0
529,1,FALSE,1157,sangeeta,Seroprevalence - IgG,No,No,9.1,NA,NA,NA,No,Percentage (%),Central - unspecified,Observed sample statistic,NA,NA,NA,NA,NA,NA,NA,NA,NA,NA,NA,NA,NA,NA,NA,NA,NA,NA,NA,NA,NA,NA,NA,NA,NA,NA,NA,NA,NA,NA,NA,NA,NA,NA,NA,NA,NA,NA,NA,NA,NA,NA,NA,NA,62,685,Naive,Lab confirmed,NA,NA,NA,NA,NA,Yes,NA,"Age,Occupation,Other",Both,823,Population based,Mixed groups,16,84,South Africa,Free State;Northern Cape,Province,Post outbreak,NA,NA,"members of livestock (cattle, sheep, or goats)-owning households",NA,10,2015,NA,02,2016,529_001,Rift Valley fever virus,1,0
529,1,FALSE,1157,sangeeta,Seroprevalence - IgG,No,NA,9.1,NA,NA,NA,NA,Percentage (%),NA,Estimated parameter,NA,NA,CI95%,7.2,11.5,NA,NA,NA,NA,NA,NA,NA,NA,NA,NA,NA,NA,NA,NA,NA,NA,NA,NA,NA,NA,NA,NA,NA,NA,NA,NA,NA,NA,NA,NA,NA,NA,NA,NA,NA,NA,NA,NA,NA,NA,NA,NA,NA,NA,NA,NA,NA,NA,NA,NA,NA,Both,823,Population based,Mixed groups,16,84,South Africa,Free State;Northern Cape,Province,Post outbreak,NA,NA,"members of livestock (cattle, sheep, or goats)-owning households",NA,10,2015,NA,02,2016,529_002,Rift Valley fever virus,1,0
529,1,FALSE,1157,sangeeta,Seroprevalence - IgG,NA,NA,8,NA,NA,NA,NA,Percentage (%),Central - unspecified,Observed sample statistic,NA,NA,NA,NA,NA,NA,NA,NA,NA,NA,NA,NA,NA,NA,NA,NA,NA,NA,NA,NA,NA,NA,NA,NA,NA,NA,NA,NA,NA,NA,NA,NA,NA,NA,NA,NA,NA,NA,NA,NA,NA,NA,NA,NA,11,138,NA,Lab confirmed,NA,NA,NA,NA,NA,Yes,NA,"Age,Occupation,Other",Both,823,Population based,Mixed groups,16,84,South Africa,Free State;Northern Cape,Province,Post outbreak,NA,NA,In animal HCWs,NA,10,2015,NA,02,2016,529_003,Rift Valley fever virus,1,0
529,1,FALSE,1157,sangeeta,Seroprevalence - IgG,NA,NA,8,NA,NA,NA,NA,Percentage (%),Mean,Estimated parameter,NA,NA,CI95%,4.5,13.8,NA,NA,NA,NA,NA,NA,NA,NA,NA,NA,NA,NA,NA,NA,NA,NA,NA,NA,NA,NA,NA,NA,NA,NA,NA,NA,NA,NA,NA,NA,NA,NA,NA,NA,NA,NA,NA,NA,NA,NA,NA,NA,NA,NA,NA,NA,NA,NA,NA,NA,NA,Both,823,Population based,Mixed groups,16,84,South Africa,Free State;Northern Cape,Province,Post outbreak,NA,NA,In Animal HCWs,NA,10,2015,NA,02,2016,529_004,Rift Valley fever virus,1,0
529,1,FALSE,1157,sangeeta,Seroprevalence - IgG,NA,NA,NA,NA,2.6,18.9,NA,Percentage (%),Mean,Observed sample statistic,NA,NA,NA,NA,NA,NA,NA,NA,NA,NA,NA,NA,NA,NA,NA,NA,NA,NA,NA,NA,NA,NA,NA,NA,NA,NA,NA,NA,NA,NA,NA,NA,NA,NA,NA,NA,NA,NA,NA,NA,NA,NA,NA,NA,NA,NA,NA,NA,NA,NA,NA,NA,NA,Yes,NA,NA,Both,823,Population based,Mixed groups,16,84,South Africa,Free State;Northern Cape,Province,Post outbreak,NA,NA,disaggregated by age group; years of working on farm; years of working with animals and several other stratifications; farm workers,NA,10,2015,NA,02,2016,529_006,Rift Valley fever virus,1,0
561,1,FALSE,1157,Anna-Maria Hartner,Risk factors,No,NA,NA,NA,NA,NA,No,NA,NA,NA,NA,NA,NA,NA,NA,NA,NA,NA,NA,NA,NA,NA,NA,NA,NA,NA,NA,NA,NA,NA,NA,NA,NA,NA,NA,NA,NA,NA,NA,NA,NA,NA,NA,NA,NA,NA,NA,NA,NA,NA,NA,NA,NA,NA,NA,NA,NA,NA,Serology,"Age,Contact with animal,Consumption of animal product,Other",NA,Significant,Adjusted,Yes,No,"Age,Occupation,Other",Both,823,Population based,Mixed groups,16,84,South Africa,Free State and Northern Cape,Province,Post outbreak,NA,NA,People working on farms,NA,10,2015,NA,02,2016,561_003,Rift Valley fever virus,1,0
561,1,FALSE,1157,Anna-Maria Hartner,Risk factors,No,NA,NA,NA,NA,NA,NA,NA,NA,NA,NA,NA,NA,NA,NA,NA,NA,NA,NA,NA,NA,NA,NA,NA,NA,NA,NA,NA,NA,NA,NA,NA,NA,NA,NA,NA,NA,NA,NA,NA,NA,NA,NA,NA,NA,NA,NA,NA,NA,NA,NA,NA,NA,NA,NA,NA,NA,NA,Serology,"Occupation,Other",Livestock and animal herders,Not significant,Adjusted,Yes,No,"Age,Occupation,Other",Both,823,Population based,Mixed groups,16,84,South Africa,Free State and Northern Cape,Province,Post outbreak,NA,NA,People working on farms,NA,10,2015,NA,02,2016,561_004,Rift Valley fever virus,1,0
561,1,FALSE,1157,Anna-Maria Hartner,Risk factors,No,NA,NA,NA,NA,NA,NA,NA,NA,NA,NA,NA,NA,NA,NA,NA,NA,NA,NA,NA,NA,NA,NA,NA,NA,NA,NA,NA,NA,NA,NA,NA,NA,NA,NA,NA,NA,NA,NA,NA,NA,NA,NA,NA,NA,NA,NA,NA,NA,NA,NA,NA,NA,NA,NA,NA,NA,NA,Serology,Age,NA,Significant,Adjusted,Yes,No,Age,Both,823,Population based,Mixed groups,16,84,South Africa,Free State and Northern Cape,Province,Post outbreak,NA,NA,Vets & animal health care workers/professio,NA,10,2015,NA,02,2016,561_005,Rift Valley fever virus,1,0
561,1,FALSE,1157,Anna-Maria Hartner,Risk factors,No,No,NA,NA,NA,NA,NA,NA,NA,NA,NA,NA,NA,NA,NA,NA,NA,NA,NA,NA,NA,NA,NA,NA,NA,NA,NA,NA,NA,NA,NA,NA,NA,NA,NA,NA,NA,NA,NA,NA,NA,NA,NA,NA,NA,NA,NA,NA,NA,NA,NA,NA,NA,NA,NA,NA,NA,NA,Serology,"Occupation,Consumption of animal product,Other",Veterinary,Not significant,Adjusted,Yes,No,"Occupation,Other",Both,823,Population based,Mixed groups,16,84,South Africa,Free State and Northern Cape,Province,Post outbreak,NA,NA,Vets & animal health care workers/professio,NA,10,2015,NA,02,2016,561_006,Rift Valley fever virus,1,0
529,1,FALSE,1157,sangeeta,Seroprevalence - IgG,NA,NA,NA,NA,1,50,NA,Percentage (%),Mean,Observed sample statistic,NA,NA,NA,NA,NA,NA,NA,NA,NA,NA,NA,NA,NA,NA,NA,NA,NA,NA,NA,NA,NA,NA,NA,NA,NA,NA,NA,NA,NA,NA,NA,NA,NA,NA,NA,NA,NA,NA,NA,NA,NA,NA,NA,NA,NA,NA,NA,NA,NA,NA,NA,NA,NA,Yes,NA,NA,Both,823,Population based,Mixed groups,16,84,South Africa,Free State;Northern Cape,Province,Post outbreak,NA,NA,disaggregated by age group; years of working on farm; years of working with animals and several other stratifications; animal health care workers and veterinarian,NA,10,2015,NA,02,2016,529_006,Rift Valley fever virus,1,0
,,,,,,,,,,,,,,,,,,,,,,,,,,,,,,,,,,,,,,,,,,,,,,,,,,,,,,,,,,,,,,,,,,,,,,,,,,,,,,,,,,,,,,,,,,,,,,
,,,,,,,,,,,,,,,,,,,,,,,,,,,,,,,,,,,,,,,,,,,,,,,,,,,,,,,,,,,,,,,,,,,,,,,,,,,,,,,,,,,,,,,,,,,,,,
,,,,,,,,,,,,,,,,,,,,,,,,,,,,,,,,,,,,,,,,,,,,,,,,,,,,,,,,,,,,,,,,,,,,,,,,,,,,,,,,,,,,,,,,,,,,,,
